[1,["7cDrWf3GxIk7fgBAocPWo5","64btjTwiNCVLJXnHv7wsE5@f9941","07r664d/dN1pcJr5AxJGNX@6c48a","d7mkiSvJxNy4cHGLXbAh/F@f9941","2cnE3mHQ5DKotWxjNC+wVb","c5x4ReHvpNNaOzLiqWiadk@f9941","e4ahmLsJpGJ5jRM2Ls+/FD@f9941","bbDyAW18pP6ae6+qxQlkMr@f9941","07r664d/dN1pcJr5AxJGNX@f9941","bbDyAW18pP6ae6+qxQlkMr@6c48a","c5x4ReHvpNNaOzLiqWiadk@6c48a","d7mkiSvJxNy4cHGLXbAh/F@6c48a","e4ahmLsJpGJ5jRM2Ls+/FD@6c48a"],["node","_textureSource","_spriteFrame","tilePrefab","_parent","root","data","pieceShape","gridControllerNode","_cameraComponent","tableBg","scene","gridCellPrefab"],[["cc.Node",["_name","_layer","_active","_id","_components","_parent","_children","_lpos","_prefab"],-1,9,1,2,5,4],"cc.SpriteFrame",["cc.UITransform",["node","_contentSize","__prefab","_anchorPoint"],3,1,5,4,5],["cc.Sprite",["_sizeMode","node","_spriteFrame","__prefab","_color"],2,1,6,4,5],["cc.SceneAsset",["_name"],2],["cc.Node",["_name","_layer","_parent","_components","_lpos"],1,1,12,5],["cc.Node",["_name","_parent","_components","_lpos"],2,1,2,5],["34584PWaOtFeJ94gRBcF/GT",["snapDistance","node","gridControllerNode","pieceShape","tilePrefab"],2,1,1,1,6],["cc.Canvas",["node","_cameraComponent"],3,1,1],["cc.Widget",["_alignFlags","_top","_bottom","node"],0,1],["cc.Layout",["_layoutType","_paddingLeft","node"],1,1],["87a3dfXRkRB6rzQYe28dwj2",["node","tableBg","tableBgFrameArray","tilePrefab","gridCellPrefab"],3,1,1,3,6,6],["cc.Scene",["_name","_children","_globals"],2,2,4],["cc.SceneGlobals",["ambient","shadows","_skybox","fog","octree","skin","lightProbeInfo","postSettings"],3,4,4,4,4,4,4,4,4],["cc.AmbientInfo",["_skyColorHDR","_groundAlbedoHDR"],3,5,5],["cc.ShadowsInfo",["_shadowColor","_size"],3,5,5],["cc.SkyboxInfo",[],3],["cc.FogInfo",[],3],["cc.OctreeInfo",[],3],["cc.SkinInfo",["_enabled"],2],["cc.LightProbeInfo",[],3],["cc.PostSettingsInfo",[],3],["cc.Camera",["_projection","_orthoHeight","_near","_far","_visibility","node","_color"],-2,1,5],["c871cEw1H9MRYtqU/zZs0Px",["node"],3,1],["cc.Prefab",["_name"],2],["cc.CompPrefabInfo",["fileId"],2],["a318f5fz1VK9rGPR7C9r1wL",["node","__prefab"],3,1,4],["cc.PrefabInfo",["fileId","instance","targetOverrides","nestedPrefabInstanceRoots","root","asset"],-1,1,1],["cc.Label",["_string","_actualFontSize","_fontSize","_isBold","node","__prefab"],-1,1,4]],[[25,0,2],[2,0,1,1],[27,0,1,2,3,4,5,5],[0,0,1,6,4,8,3],[0,0,2,1,5,4,8,4],[2,0,2,1],[2,0,2,1,1],[3,0,1,3,4,2,2],[24,0,2],[28,0,1,2,3,4,5,5],[4,0,2],[0,0,1,6,4,3],[0,0,1,3,6,4,7,4],[0,0,1,5,4,7,3],[0,0,2,1,5,4,7,4],[0,0,1,5,4,3],[5,0,1,2,3,4,3],[6,0,1,2,3,2],[2,0,1],[2,0,1,3,1],[7,0,1,2,3,4,2],[8,0,1,1],[9,0,1,2,3,4],[10,0,1,2,3],[11,0,1,2,3,4,1],[3,1,1],[3,1,2,1],[12,0,1,2,2],[13,0,1,2,3,4,5,6,7,1],[14,0,1,1],[15,0,1,1],[16,1],[17,1],[18,1],[19,0,2],[20,1],[21,1],[22,0,1,2,3,4,5,6,6],[23,0,1],[26,0,1,1]],[[[{"name":"4x6_table","rect":{"x":0,"y":0,"width":1005,"height":1106},"offset":{"x":0,"y":0},"originalSize":{"width":1005,"height":1106},"rotated":false,"capInsets":[0,0,0,0],"vertices":{"rawPosition":[-502.5,-553,0,502.5,-553,0,-502.5,553,0,502.5,553,0],"indexes":[0,1,2,2,1,3],"uv":[0,1106,1005,1106,0,0,1005,0],"nuv":[0,0,1,0,0,1,1,1],"minPos":{"x":-502.5,"y":-553,"z":0},"maxPos":{"x":502.5,"y":553,"z":0}},"packable":true,"pixelsToUnit":100,"pivot":{"x":0.5,"y":0.5},"meshType":0}],[1],0,[0],[1],[2]],[[[10,"GameScene"],[11,"GameScene",33554432,[-5,-6,-7,-8],[[18,-1],[20,150,-4,-3,-2,7]]],[12,"Canvas",33554432,"beI88Z2HpFELqR4T5EMHpg",[-13,1],[[1,-9,[5,1080,1920]],[21,-11,-10],[22,45,5.684341886080802e-14,5.684341886080802e-14,-12]],[1,540,960,0]],[13,"Grid",33554432,1,[[1,-14,[5,840,0]],[23,3,5,-15],[24,-17,-16,[3,4,5,6],1,2]],[1,0,865,0]],[14,"Board",false,33554432,1,[[19,-18,[5,1005,1106],[0,0.5,0]],[25,-19]],[1,0,-100,0]],[15,"Bg",33554432,1,[[1,-20,[5,1080,1920]],[26,-21,0]]],[16,"PieceCreationArea",33554432,1,[[[1,-22,[5,1080,100]],-23],4,1],[1,0,-500,0]],[27,"GameScene",[2],[28,[29,[2,0,0,0,0.520833125],[2,0,0,0,0]],[30,[4,4283190348],[0,512,512]],[31],[32],[33],[34,false],[35],[36]]],[17,"Camera",2,[-24],[1,0,0,1000]],[37,0,960,0,2000,1108344832,8,[4,4278190080]],[38,6]],0,[0,0,1,0,7,10,0,8,3,0,0,1,0,-1,5,0,-2,4,0,-3,3,0,-4,6,0,0,2,0,9,9,0,0,2,0,0,2,0,-1,8,0,0,3,0,0,3,0,10,4,0,0,3,0,0,4,0,0,4,0,0,5,0,0,5,0,0,6,0,-2,10,0,-1,9,0,11,7,1,4,2,2,4,7,24],[0,0,0,0,0,0,0,0,10],[2,3,12,-1,-2,-3,-4,3,3],[3,0,4,5,6,7,8,0,0]],[[[8,"GridCell"],[3,"GridCell",33554432,[-5],[[5,-2,[0,"e4XFv8aRVFLZVCtErGUtJb"]],[7,0,-3,[0,"48NQhsZY5M76XyB7EyKmM1"],[4,3701909169],0],[39,-4,[0,"64UqQhc6FPlZdbO4fOW21B"]]],[2,"3fEU/hyklDBIZvocJdfXUb",null,null,null,-1,0]],[4,"id",false,33554432,1,[[6,-6,[0,"db36YA8iJIv4+bQ3fHQTCp"],[5,20.021484375,50.4]],[9,"0",36,36,true,-7,[0,"c4G6T2791GCpKMV0Scam05"]]],[2,"b2t1w+ohpEJLUOam41nruV",null,null,null,1,0]]],0,[0,5,1,0,0,1,0,0,1,0,0,1,0,-1,2,0,0,2,0,0,2,0,6,1,7],[0],[2],[1]],[[[8,"TilePrefab"],[3,"TilePrefab",33554432,[-4],[[5,-2,[0,"e4XFv8aRVFLZVCtErGUtJb"]],[7,0,-3,[0,"48NQhsZY5M76XyB7EyKmM1"],[4,4291813454],0]],[2,"3fEU/hyklDBIZvocJdfXUb",null,null,null,-1,0]],[4,"id",false,33554432,1,[[6,-5,[0,"db36YA8iJIv4+bQ3fHQTCp"],[5,20.021484375,50.4]],[9,"0",36,36,true,-6,[0,"c4G6T2791GCpKMV0Scam05"]]],[2,"b2t1w+ohpEJLUOam41nruV",null,null,null,1,0]]],0,[0,5,1,0,0,1,0,0,1,0,-1,2,0,0,2,0,0,2,0,6,1,6],[0],[2],[1]],[[{"name":"4x5_table","rect":{"x":0,"y":0,"width":1005,"height":956},"offset":{"x":0,"y":0},"originalSize":{"width":1005,"height":956},"rotated":false,"capInsets":[0,0,0,0],"vertices":{"rawPosition":[-502.5,-478,0,502.5,-478,0,-502.5,478,0,502.5,478,0],"indexes":[0,1,2,2,1,3],"uv":[0,956,1005,956,0,0,1005,0],"nuv":[0,0,1,0,0,1,1,1],"minPos":{"x":-502.5,"y":-478,"z":0},"maxPos":{"x":502.5,"y":478,"z":0}},"packable":true,"pixelsToUnit":100,"pivot":{"x":0.5,"y":0.5},"meshType":0}],[1],0,[0],[1],[9]],[[{"name":"4x3_table","rect":{"x":0,"y":0,"width":1005,"height":656},"offset":{"x":0,"y":0},"originalSize":{"width":1005,"height":656},"rotated":false,"capInsets":[0,0,0,0],"vertices":{"rawPosition":[-502.5,-328,0,502.5,-328,0,-502.5,328,0,502.5,328,0],"indexes":[0,1,2,2,1,3],"uv":[0,656,1005,656,0,0,1005,0],"nuv":[0,0,1,0,0,1,1,1],"minPos":{"x":-502.5,"y":-328,"z":0},"maxPos":{"x":502.5,"y":328,"z":0}},"packable":true,"pixelsToUnit":100,"pivot":{"x":0.5,"y":0.5},"meshType":0}],[1],0,[0],[1],[10]],[[{"name":"game_bg","rect":{"x":0,"y":0,"width":1080,"height":1920},"offset":{"x":0,"y":0},"originalSize":{"width":1080,"height":1920},"rotated":false,"capInsets":[0,0,0,0],"vertices":{"rawPosition":[-540,-960,0,540,-960,0,-540,960,0,540,960,0],"indexes":[0,1,2,2,1,3],"uv":[0,1920,1080,1920,0,0,1080,0],"nuv":[0,0,1,0,0,1,1,1],"minPos":{"x":-540,"y":-960,"z":0},"maxPos":{"x":540,"y":960,"z":0}},"packable":true,"pixelsToUnit":100,"pivot":{"x":0.5,"y":0.5},"meshType":0}],[1],0,[0],[1],[11]],[[{"name":"4x4_table","rect":{"x":0,"y":0,"width":1005,"height":806},"offset":{"x":0,"y":0},"originalSize":{"width":1005,"height":806},"rotated":false,"capInsets":[0,0,0,0],"vertices":{"rawPosition":[-502.5,-403,0,502.5,-403,0,-502.5,403,0,502.5,403,0],"indexes":[0,1,2,2,1,3],"uv":[0,806,1005,806,0,0,1005,0],"nuv":[0,0,1,0,0,1,1,1],"minPos":{"x":-502.5,"y":-403,"z":0},"maxPos":{"x":502.5,"y":403,"z":0}},"packable":true,"pixelsToUnit":100,"pivot":{"x":0.5,"y":0.5},"meshType":0}],[1],0,[0],[1],[12]]]]
