{
  "__type__": "cc.SpriteFrame",
  "content": {
    "name": "4x6_table",
    "atlas": "",
    "rect": {
      "x": 0,
      "y": 0,
      "width": 1005,
      "height": 1106
    },
    "offset": {
      "x": 0,
      "y": 0
    },
    "originalSize": {
      "width": 1005,
      "height": 1106
    },
    "rotated": false,
    "capInsets": [
      0,
      0,
      0,
      0
    ],
    "vertices": {
      "rawPosition": [
        -502.5,
        -553,
        0,
        502.5,
        -553,
        0,
        -502.5,
        553,
        0,
        502.5,
        553,
        0
      ],
      "indexes": [
        0,
        1,
        2,
        2,
        1,
        3
      ],
      "uv": [
        0,
        1106,
        1005,
        1106,
        0,
        0,
        1005,
        0
      ],
      "nuv": [
        0,
        0,
        1,
        0,
        0,
        1,
        1,
        1
      ],
      "minPos": {
        "x": -502.5,
        "y": -553,
        "z": 0
      },
      "maxPos": {
        "x": 502.5,
        "y": 553,
        "z": 0
      }
    },
    "texture": "07afaeb8-77f7-4dd6-9709-af9031246357@6c48a",
    "packable": true,
    "pixelsToUnit": 100,
    "pivot": {
      "x": 0.5,
      "y": 0.5
    },
    "meshType": 0
  }
}