{
  "__type__": "cc.SpriteFrame",
  "content": {
    "name": "4x3_table",
    "atlas": "",
    "rect": {
      "x": 0,
      "y": 0,
      "width": 1005,
      "height": 656
    },
    "offset": {
      "x": 0,
      "y": 0
    },
    "originalSize": {
      "width": 1005,
      "height": 656
    },
    "rotated": false,
    "capInsets": [
      0,
      0,
      0,
      0
    ],
    "vertices": {
      "rawPosition": [
        -502.5,
        -328,
        0,
        502.5,
        -328,
        0,
        -502.5,
        328,
        0,
        502.5,
        328,
        0
      ],
      "indexes": [
        0,
        1,
        2,
        2,
        1,
        3
      ],
      "uv": [
        0,
        656,
        1005,
        656,
        0,
        0,
        1005,
        0
      ],
      "nuv": [
        0,
        0,
        1,
        0,
        0,
        1,
        1,
        1
      ],
      "minPos": {
        "x": -502.5,
        "y": -328,
        "z": 0
      },
      "maxPos": {
        "x": 502.5,
        "y": 328,
        "z": 0
      }
    },
    "texture": "c5c7845e-1efa-4d35-a3b3-2e2a9689a764@6c48a",
    "packable": true,
    "pixelsToUnit": 100,
    "pivot": {
      "x": 0.5,
      "y": 0.5
    },
    "meshType": 0
  }
}