{
  "__type__": "cc.SpriteFrame",
  "content": {
    "name": "box",
    "atlas": "",
    "rect": {
      "x": 0,
      "y": 0,
      "width": 229,
      "height": 138
    },
    "offset": {
      "x": 0,
      "y": 0
    },
    "originalSize": {
      "width": 229,
      "height": 138
    },
    "rotated": false,
    "capInsets": [
      0,
      0,
      0,
      0
    ],
    "vertices": {
      "rawPosition": [
        -114.5,
        -69,
        0,
        114.5,
        -69,
        0,
        -114.5,
        69,
        0,
        114.5,
        69,
        0
      ],
      "indexes": [
        0,
        1,
        2,
        2,
        1,
        3
      ],
      "uv": [
        0,
        138,
        229,
        138,
        0,
        0,
        229,
        0
      ],
      "nuv": [
        0,
        0,
        1,
        0,
        0,
        1,
        1,
        1
      ],
      "minPos": {
        "x": -114.5,
        "y": -69,
        "z": 0
      },
      "maxPos": {
        "x": 114.5,
        "y": 69,
        "z": 0
      }
    },
    "texture": "a077bcdd-0d2a-4b23-b4bf-f68e0d03b3cf@6c48a",
    "packable": true,
    "pixelsToUnit": 100,
    "pivot": {
      "x": 0.5,
      "y": 0.5
    },
    "meshType": 0
  }
}