{
  "__version__": "1.3.9",
  "log": {
    "level": 4
  },
  "common": {
    "polyfills": {
      "asyncFunctions": true
    },
    "buildPath": "project://build",
    "outputName": "Tetris",
    "mainBundleCompressionType": "merge_dep",
    "platform": "web-mobile",
    "startScene": "0c1a56a0-97d2-4084-8940-5aabe929f36f"
  },
  "BuildTaskManager": {
    "taskMap": {
      "1762496803078": {
        "type": "build",
        "id": "1762496803078",
        "progress": 1,
        "state": "success",
        "stage": "build",
        "message": "07-11-2025 11:58:33 build success in 1 min 50 s!",
        "detailMessage": "// ---- build task web-mobile：onBeforeCopyBuildTemplate ----\r",
        "options": {
          "name": "TetrisPuzzle",
          "server": "",
          "engineModulesConfigKey": "defaultConfig",
          "platform": "web-mobile",
          "buildPath": "project://build",
          "debug": false,
          "buildMode": "normal",
          "mangleProperties": false,
          "md5Cache": false,
          "skipCompressTexture": false,
          "sourceMaps": false,
          "overwriteProjectSettings": {
            "includeModules": {
              "gfx-webgl2": "on",
              "physics": "inherit-project-setting",
              "physics-2d": "inherit-project-setting"
            },
            "macroConfig": {
              "cleanupImageCache": "inherit-project-setting"
            }
          },
          "nativeCodeBundleMode": "both",
          "polyfills": {
            "asyncFunctions": true
          },
          "experimentalEraseModules": false,
          "startSceneAssetBundle": false,
          "bundleConfigs": [],
          "inlineEnum": true,
          "useBuiltinServer": false,
          "md5CacheOptions": {
            "excludes": [],
            "includes": [],
            "replaceOnly": [],
            "handleTemplateMd5Link": true
          },
          "mainBundleIsRemote": false,
          "mainBundleCompressionType": "merge_dep",
          "useSplashScreen": true,
          "bundleCommonChunk": false,
          "packAutoAtlas": true,
          "startScene": "0c1a56a0-97d2-4084-8940-5aabe929f36f",
          "outputName": "Tetris",
          "taskName": "web-mobile",
          "scenes": [
            {
              "url": "db://assets/Scenes/GameScene.scene",
              "uuid": "2950f16a-b81a-4e6b-9251-e0fe856a67cb"
            },
            {
              "url": "db://assets/Scenes/TitleScene.scene",
              "uuid": "0c1a56a0-97d2-4084-8940-5aabe929f36f"
            }
          ],
          "wasmCompressionMode": false,
          "packages": {},
          "__version__": "1.3.9",
          "logDest": "project://temp/builder/log/web-mobile7-11-2025 11-56.log"
        },
        "time": "7-11-2025 11:56:43",
        "dirty": false
      }
    }
  }
}
