{
  "gizmos-infos": {
    "is2D": true,
    "is3DIcon": false,
    "iconSize": 2,
    "gridVisible": true,
    "originAxis2D": {
      "x_visible": true,
      "y_visible": true,
      "z_visible": false
    },
    "originAxis3D": {
      "x_visible": true,
      "y_visible": false,
      "z_visible": true
    },
    "gridColor": [
      166,
      166,
      166,
      255
    ],
    "transformToolName": "position",
    "pivot": "pivot",
    "coordinate": "local",
    "toolsVisibility3d": true
  },
  "__version__": "1.0.3",
  "builder": {
    "taskOptionsMap": {},
    "__version__": "1.3.9"
  },
  "snap-configs": {
    "position": {
      "x": 1,
      "y": 1,
      "z": 1
    },
    "rotation": 1,
    "scale": 1,
    "isPositionSnapEnabled": false,
    "isRotationSnapEnabled": false,
    "isScaleSnapEnabled": false
  },
  "rect-snap-configs": {
    "enableSnapping": true,
    "snapThreshold": 4
  },
  "camera-infos": {
    "1afb6728-c661-4859-a6c4-1d37b36cc550": {
      "position": {
        "x": 274.6716666666667,
        "y": 490.8510416666667,
        "z": 5000
      },
      "rotation": {
        "x": 0,
        "y": 0,
        "z": 0,
        "w": 1
      },
      "viewCenter": {
        "x": 0,
        "y": 0,
        "z": 0
      },
      "contentRect": {
        "x": 0,
        "y": 0,
        "width": 195.70526315789473,
        "height": 348.6
      },
      "scale": 0.1812085769980507
    },
    "0acd0bba-7c3f-4864-a4b9-73fb73ff9771": {
      "position": {
        "x": 342.8416666666667,
        "y": 611.8697916666666,
        "z": 5000
      },
      "rotation": {
        "x": 0,
        "y": 0,
        "z": 0,
        "w": 1
      },
      "viewCenter": {
        "x": 0,
        "y": 0,
        "z": 0
      },
      "contentRect": {
        "x": 0,
        "y": 0,
        "width": 195.70526315789473,
        "height": 348.6
      },
      "scale": 0.1812085769980507
    },
    "5ccb63d0-050a-4ef4-a232-3b24153ee46e": {
      "position": {
        "x": 284.69666666666666,
        "y": 508.6479166666667,
        "z": 5000
      },
      "rotation": {
        "x": 0,
        "y": 0,
        "z": 0,
        "w": 1
      },
      "viewCenter": {
        "x": 0,
        "y": 0,
        "z": 0
      },
      "contentRect": {
        "x": 0,
        "y": 0,
        "width": 195.70526315789473,
        "height": 348.6
      },
      "scale": 0.1812085769980507
    },
    "58ba13da-89b7-49f0-958e-74121449aca9": {
      "position": {
        "x": 288.7066666666667,
        "y": 515.7666666666667,
        "z": 5000
      },
      "rotation": {
        "x": 0,
        "y": 0,
        "z": 0,
        "w": 1
      },
      "viewCenter": {
        "x": 0,
        "y": 0,
        "z": 0
      },
      "contentRect": {
        "x": 0,
        "y": 0,
        "width": 195.70526315789473,
        "height": 348.6
      },
      "scale": 0.1812085769980507
    },
    "7c9cbc0b-16f8-4480-b526-b18ee75e3ad7": {
      "position": {
        "x": 276.6766666666667,
        "y": 494.4104166666667,
        "z": 5000
      },
      "rotation": {
        "x": 0,
        "y": 0,
        "z": 0,
        "w": 1
      },
      "viewCenter": {
        "x": 0,
        "y": 0,
        "z": 0
      },
      "contentRect": {
        "x": 0,
        "y": 0,
        "width": 195.70526315789473,
        "height": 348.6
      },
      "scale": 0.1812085769980507
    },
    "ddd36db2-384b-4b3e-8d40-c1224fec11ec": {
      "position": {
        "x": 268.65666666666664,
        "y": 480.17291666666665,
        "z": 5000
      },
      "rotation": {
        "x": 0,
        "y": 0,
        "z": 0,
        "w": 1
      },
      "viewCenter": {
        "x": 0,
        "y": 0,
        "z": 0
      },
      "contentRect": {
        "x": 0,
        "y": 0,
        "width": 195.70526315789473,
        "height": 348.6
      },
      "scale": 0.1812085769980507
    },
    "259f66dd-c0bd-4e33-af8f-3c291cd0c6b9": {
      "position": {
        "x": 260.63666666666666,
        "y": 465.9354166666667,
        "z": 5000
      },
      "rotation": {
        "x": 0,
        "y": 0,
        "z": 0,
        "w": 1
      },
      "viewCenter": {
        "x": 0,
        "y": 0,
        "z": 0
      },
      "contentRect": {
        "x": 0,
        "y": 0,
        "width": 195.70526315789473,
        "height": 348.6
      },
      "scale": 0.1812085769980507
    },
    "b4b4cca2-21f2-4212-beea-c9901a3d5c2c": {
      "position": {
        "x": 254.62166666666667,
        "y": 455.2572916666667,
        "z": 5000
      },
      "rotation": {
        "x": 0,
        "y": 0,
        "z": 0,
        "w": 1
      },
      "viewCenter": {
        "x": 0,
        "y": 0,
        "z": 0
      },
      "contentRect": {
        "x": 0,
        "y": 0,
        "width": 195.70526315789473,
        "height": 348.6
      },
      "scale": 0.1812085769980507
    },
    "1e02f9be-0b69-48de-ac3d-d8503c1799bd": {
      "position": {
        "x": 304.74666666666667,
        "y": 544.2416666666667,
        "z": 5000
      },
      "rotation": {
        "x": 0,
        "y": 0,
        "z": 0,
        "w": 1
      },
      "viewCenter": {
        "x": 0,
        "y": 0,
        "z": 0
      },
      "contentRect": {
        "x": 0,
        "y": 0,
        "width": 195.70526315789473,
        "height": 348.6
      },
      "scale": 0.1812085769980507
    },
    "0a1ef3a9-696c-408c-a3ec-39a243d73980": {
      "position": {
        "x": 276.6766666666667,
        "y": 494.4104166666667,
        "z": 5000
      },
      "rotation": {
        "x": 0,
        "y": 0,
        "z": 0,
        "w": 1
      },
      "viewCenter": {
        "x": 0,
        "y": 0,
        "z": 0
      },
      "contentRect": {
        "x": 0,
        "y": 0,
        "width": 195.70526315789473,
        "height": 348.6
      },
      "scale": 0.1812085769980507
    },
    "84858a2e-7cdf-4293-8ef2-f7c82174ab42": {
      "position": {
        "x": 314.77166666666665,
        "y": 562.0385416666667,
        "z": 5000
      },
      "rotation": {
        "x": 0,
        "y": 0,
        "z": 0,
        "w": 1
      },
      "viewCenter": {
        "x": 0,
        "y": 0,
        "z": 0
      },
      "contentRect": {
        "x": 0,
        "y": 0,
        "width": 195.70526315789473,
        "height": 348.6
      },
      "scale": 0.1812085769980507
    },
    "2ad00619-6e78-4567-8cb8-5677f06350e5": {
      "position": {
        "x": 284.69666666666666,
        "y": 508.6479166666667,
        "z": 5000
      },
      "rotation": {
        "x": 0,
        "y": 0,
        "z": 0,
        "w": 1
      },
      "viewCenter": {
        "x": 0,
        "y": 0,
        "z": 0
      },
      "contentRect": {
        "x": 0,
        "y": 0,
        "width": 195.70526315789473,
        "height": 348.6
      },
      "scale": 0.1812085769980507
    },
    "7c0eb59f-dc6c-4893-b7e0-040a1c3d6a39": {
      "position": {
        "x": 599.6216295591588,
        "y": 996.2017731121921,
        "z": 5000
      },
      "rotation": {
        "x": 0,
        "y": 0,
        "z": 0,
        "w": 1
      },
      "viewCenter": {
        "x": 0,
        "y": 0,
        "z": 0
      },
      "contentRect": {
        "x": 375.72194902907245,
        "y": 849.9430314725761,
        "width": 1067,
        "height": 697
      },
      "scale": 2.382763560613081
    },
    "bc3e6987-0eb0-49b1-b43b-ba88583e2eca": {
      "position": {
        "x": 370.9116666666667,
        "y": 661.7010416666667,
        "z": 5000
      },
      "rotation": {
        "x": 0,
        "y": 0,
        "z": 0,
        "w": 1
      },
      "viewCenter": {
        "x": 0,
        "y": 0,
        "z": 0
      },
      "contentRect": {
        "x": 0,
        "y": 0,
        "width": 195.70526315789473,
        "height": 348.6
      },
      "scale": 0.1812085769980507
    },
    "211f8d18-2bca-43a1-965a-a720577f4ac8": {
      "position": {
        "x": 352.8666666666667,
        "y": 629.6666666666667,
        "z": 5000
      },
      "rotation": {
        "x": 0,
        "y": 0,
        "z": 0,
        "w": 1
      },
      "viewCenter": {
        "x": 0,
        "y": 0,
        "z": 0
      },
      "contentRect": {
        "x": 0,
        "y": 0,
        "width": 195.70526315789473,
        "height": 348.6
      },
      "scale": 0.1812085769980507
    },
    "402acfe0-3e14-4efc-b4ea-bdf03d73f59b": {
      "position": {
        "x": 258.63166666666666,
        "y": 462.37604166666665,
        "z": 5000
      },
      "rotation": {
        "x": 0,
        "y": 0,
        "z": 0,
        "w": 1
      },
      "viewCenter": {
        "x": 0,
        "y": 0,
        "z": 0
      },
      "contentRect": {
        "x": 0,
        "y": 0,
        "width": 195.70526315789473,
        "height": 348.6
      },
      "scale": 0.1812085769980507
    },
    "1d32079c-4732-4601-9f3a-8eb5d26efe5a": {
      "position": {
        "x": 354.87166666666667,
        "y": 633.2260416666667,
        "z": 5000
      },
      "rotation": {
        "x": 0,
        "y": 0,
        "z": 0,
        "w": 1
      },
      "viewCenter": {
        "x": 0,
        "y": 0,
        "z": 0
      },
      "contentRect": {
        "x": 0,
        "y": 0,
        "width": 195.70526315789473,
        "height": 348.6
      },
      "scale": 0.1812085769980507
    },
    "351bea0c-cb07-4140-9ec8-f3cbc4dfb86b": {
      "position": {
        "x": 302.7416666666667,
        "y": 540.6822916666667,
        "z": 5000
      },
      "rotation": {
        "x": 0,
        "y": 0,
        "z": 0,
        "w": 1
      },
      "viewCenter": {
        "x": 0,
        "y": 0,
        "z": 0
      },
      "contentRect": {
        "x": 0,
        "y": 0,
        "width": 195.70526315789473,
        "height": 348.6
      },
      "scale": 0.1812085769980507
    },
    "c8aadabc-04b9-492e-8112-5e3674453482": {
      "position": {
        "x": 538.3749999999998,
        "y": 827.7249999999999,
        "z": 5000
      },
      "rotation": {
        "x": 0,
        "y": 0,
        "z": 0,
        "w": 1
      },
      "viewCenter": {
        "x": 0,
        "y": 0,
        "z": 0
      },
      "contentRect": {
        "x": 0,
        "y": 0,
        "width": 274.44375,
        "height": 487.9
      },
      "scale": 0.25411458333333337
    },
    "4c672117-66be-422d-bc84-0350e676733d": {
      "position": {
        "x": 272.6666666666667,
        "y": 487.2916666666667,
        "z": 5000
      },
      "rotation": {
        "x": 0,
        "y": 0,
        "z": 0,
        "w": 1
      },
      "viewCenter": {
        "x": 0,
        "y": 0,
        "z": 0
      },
      "contentRect": {
        "x": 0,
        "y": 0,
        "width": 195.70526315789473,
        "height": 348.6
      },
      "scale": 0.1812085769980507
    },
    "aa2d325d-8898-4dc4-b35b-d3fcfc9d8cbf": {
      "position": {
        "x": 290.7116666666667,
        "y": 519.3260416666667,
        "z": 5000
      },
      "rotation": {
        "x": 0,
        "y": 0,
        "z": 0,
        "w": 1
      },
      "viewCenter": {
        "x": 0,
        "y": 0,
        "z": 0
      },
      "contentRect": {
        "x": 0,
        "y": 0,
        "width": 195.70526315789473,
        "height": 348.6
      },
      "scale": 0.1812085769980507
    },
    "36f80fbf-3401-47bd-9ad6-29030ea0c03f": {
      "position": {
        "x": 310.76166666666666,
        "y": 554.9197916666667,
        "z": 5000
      },
      "rotation": {
        "x": 0,
        "y": 0,
        "z": 0,
        "w": 1
      },
      "viewCenter": {
        "x": 0,
        "y": 0,
        "z": 0
      },
      "contentRect": {
        "x": 0,
        "y": 0,
        "width": 195.70526315789473,
        "height": 348.6
      },
      "scale": 0.1812085769980507
    },
    "b605a861-6dc7-4473-a666-d10967531194": {
      "position": {
        "x": 539.9999999999998,
        "y": 959.9999999999999,
        "z": 5000
      },
      "rotation": {
        "x": 0,
        "y": 0,
        "z": 0,
        "w": 1
      },
      "viewCenter": {
        "x": 0,
        "y": 0,
        "z": 0
      },
      "contentRect": {
        "x": 0,
        "y": 0,
        "width": 274.44375,
        "height": 487.9
      },
      "scale": 0.25411458333333337
    },
    "ffccb8f6-997a-4ac0-9a61-913ee7ce9190": {
      "position": {
        "x": 717.1033333333332,
        "y": 810.8133333333333,
        "z": 5000
      },
      "rotation": {
        "x": 0,
        "y": 0,
        "z": 0,
        "w": 1
      },
      "viewCenter": {
        "x": 0,
        "y": 0,
        "z": 0
      },
      "contentRect": {
        "x": 0,
        "y": 0,
        "width": 492.1875,
        "height": 875
      },
      "scale": 0.4557291666666667
    },
    "c5deed9b-de17-4ac1-afdd-a3cf54dbb885": {
      "position": {
        "x": 368.90666666666664,
        "y": 658.1416666666667,
        "z": 5000
      },
      "rotation": {
        "x": 0,
        "y": 0,
        "z": 0,
        "w": 1
      },
      "viewCenter": {
        "x": 0,
        "y": 0,
        "z": 0
      },
      "contentRect": {
        "x": 0,
        "y": 0,
        "width": 195.70526315789473,
        "height": 348.6
      },
      "scale": 0.1812085769980507
    },
    "7c209d10-3163-48be-8706-f91605ba57d8": {
      "position": {
        "x": 348.8566666666667,
        "y": 622.5479166666667,
        "z": 5000
      },
      "rotation": {
        "x": 0,
        "y": 0,
        "z": 0,
        "w": 1
      },
      "viewCenter": {
        "x": 0,
        "y": 0,
        "z": 0
      },
      "contentRect": {
        "x": 0,
        "y": 0,
        "width": 195.70526315789473,
        "height": 348.6
      },
      "scale": 0.1812085769980507
    },
    "57b72c5c-4f61-476d-bb29-de550e00d906": {
      "position": {
        "x": 762.7008333333332,
        "y": 772.4033333333333,
        "z": 5000
      },
      "rotation": {
        "x": 0,
        "y": 0,
        "z": 0,
        "w": 1
      },
      "viewCenter": {
        "x": 0,
        "y": 0,
        "z": 0
      },
      "contentRect": {
        "x": 0,
        "y": 0,
        "width": 492.1875,
        "height": 875
      },
      "scale": 0.4557291666666667
    },
    "0c1a56a0-97d2-4084-8940-5aabe929f36f": {
      "position": {
        "x": 550.7837166470485,
        "y": 960.3886024016954,
        "z": 5000
      },
      "rotation": {
        "x": 0,
        "y": 0,
        "z": 0,
        "w": 1
      },
      "viewCenter": {
        "x": 0,
        "y": 0,
        "z": 0
      },
      "contentRect": {
        "x": -1341.34350995989,
        "y": -275.61203203601434,
        "width": 1067,
        "height": 697
      },
      "scale": 0.28195778407390715
    },
    "4af7a481-a7e4-4e3f-8692-97b3dc359539": {
      "position": {
        "x": 485.1966666666667,
        "y": 864.5854166666667,
        "z": 5000
      },
      "rotation": {
        "x": 0,
        "y": 0,
        "z": 0,
        "w": 1
      },
      "viewCenter": {
        "x": 0,
        "y": 0,
        "z": 0
      },
      "contentRect": {
        "x": 0,
        "y": 0,
        "width": 195.70526315789473,
        "height": 348.6
      },
      "scale": 0.1812085769980507
    },
    "6a4ced79-2194-4816-8460-e2412014d0aa": {
      "position": {
        "x": 400.9866666666667,
        "y": 715.0916666666667,
        "z": 5000
      },
      "rotation": {
        "x": 0,
        "y": 0,
        "z": 0,
        "w": 1
      },
      "viewCenter": {
        "x": 0,
        "y": 0,
        "z": 0
      },
      "contentRect": {
        "x": 0,
        "y": 0,
        "width": 195.70526315789473,
        "height": 348.6
      },
      "scale": 0.1812085769980507
    },
    "ca1365cb-ca8f-4d7c-b570-984ece3ca3cb": {
      "position": {
        "x": 537.6249999999999,
        "y": 766.675,
        "z": 5000
      },
      "rotation": {
        "x": 0,
        "y": 0,
        "z": 0,
        "w": 1
      },
      "viewCenter": {
        "x": 0,
        "y": 0,
        "z": 0
      },
      "contentRect": {
        "x": 0,
        "y": 0,
        "width": 274.44375,
        "height": 487.9
      },
      "scale": 0.25411458333333337
    },
    "c72a4e1a-b8cf-4671-8404-fbea2c34269a": {
      "position": {
        "x": 537.6999999999998,
        "y": 772.78,
        "z": 5000
      },
      "rotation": {
        "x": 0,
        "y": 0,
        "z": 0,
        "w": 1
      },
      "viewCenter": {
        "x": 0,
        "y": 0,
        "z": 0
      },
      "contentRect": {
        "x": 0,
        "y": 0,
        "width": 274.44375,
        "height": 487.9
      },
      "scale": 0.25411458333333337
    },
    "00c79c60-8849-4fb9-9785-3598edf9f361": {
      "position": {
        "x": 536.3874999999999,
        "y": 665.9424999999999,
        "z": 5000
      },
      "rotation": {
        "x": 0,
        "y": 0,
        "z": 0,
        "w": 1
      },
      "viewCenter": {
        "x": 0,
        "y": 0,
        "z": 0
      },
      "contentRect": {
        "x": 0,
        "y": 0,
        "width": 274.44375,
        "height": 487.9
      },
      "scale": 0.25411458333333337
    },
    "a3baa5d6-db87-49bc-8e52-b5e4289e6671": {
      "position": {
        "x": 322.7916666666667,
        "y": 576.2760416666667,
        "z": 5000
      },
      "rotation": {
        "x": 0,
        "y": 0,
        "z": 0,
        "w": 1
      },
      "viewCenter": {
        "x": 0,
        "y": 0,
        "z": 0
      },
      "contentRect": {
        "x": 0,
        "y": 0,
        "width": 195.70526315789473,
        "height": 348.6
      },
      "scale": 0.1812085769980507
    },
    "49a8af38-a61c-470b-8259-09cfebb5f391": {
      "position": {
        "x": 535.1499999999999,
        "y": 565.2099999999999,
        "z": 5000
      },
      "rotation": {
        "x": 0,
        "y": 0,
        "z": 0,
        "w": 1
      },
      "viewCenter": {
        "x": 0,
        "y": 0,
        "z": 0
      },
      "contentRect": {
        "x": 0,
        "y": 0,
        "width": 274.44375,
        "height": 487.9
      },
      "scale": 0.25411458333333337
    },
    "12721da1-bee0-4e3a-a869-db4accf274e0": {
      "position": {
        "x": 535.5624999999999,
        "y": 598.7875,
        "z": 5000
      },
      "rotation": {
        "x": 0,
        "y": 0,
        "z": 0,
        "w": 1
      },
      "viewCenter": {
        "x": 0,
        "y": 0,
        "z": 0
      },
      "contentRect": {
        "x": 0,
        "y": 0,
        "width": 274.44375,
        "height": 487.9
      },
      "scale": 0.25411458333333337
    },
    "0e42d3a3-6ca4-4124-8a47-551a8c8437a0": {
      "position": {
        "x": 535.9749999999999,
        "y": 632.365,
        "z": 5000
      },
      "rotation": {
        "x": 0,
        "y": 0,
        "z": 0,
        "w": 1
      },
      "viewCenter": {
        "x": 0,
        "y": 0,
        "z": 0
      },
      "contentRect": {
        "x": 0,
        "y": 0,
        "width": 274.44375,
        "height": 487.9
      },
      "scale": 0.25411458333333337
    },
    "3c63c35c-3254-485c-9071-ac27b6eefe82": {
      "position": {
        "x": 274.6716666666667,
        "y": 490.8510416666667,
        "z": 5000
      },
      "rotation": {
        "x": 0,
        "y": 0,
        "z": 0,
        "w": 1
      },
      "viewCenter": {
        "x": 0,
        "y": 0,
        "z": 0
      },
      "contentRect": {
        "x": 0,
        "y": 0,
        "width": 195.70526315789473,
        "height": 348.6
      },
      "scale": 0.1812085769980507
    },
    "c5c46179-0ce0-40d7-ab99-28404abb142b": {
      "position": {
        "x": 370.9116666666667,
        "y": 661.7010416666667,
        "z": 5000
      },
      "rotation": {
        "x": 0,
        "y": 0,
        "z": 0,
        "w": 1
      },
      "viewCenter": {
        "x": 0,
        "y": 0,
        "z": 0
      },
      "contentRect": {
        "x": 0,
        "y": 0,
        "width": 195.70526315789473,
        "height": 348.6
      },
      "scale": 0.1812085769980507
    },
    "202bdf40-889b-4a19-8b17-9d21948de378": {
      "position": {
        "x": 534.6624999999999,
        "y": 525.5274999999999,
        "z": 5000
      },
      "rotation": {
        "x": 0,
        "y": 0,
        "z": 0,
        "w": 1
      },
      "viewCenter": {
        "x": 0,
        "y": 0,
        "z": 0
      },
      "contentRect": {
        "x": 0,
        "y": 0,
        "width": 274.44375,
        "height": 487.9
      },
      "scale": 0.25411458333333337
    },
    "f466c378-3081-4cfa-bd70-3d29c47b9a7e": {
      "position": {
        "x": 537.0624999999999,
        "y": 720.8875,
        "z": 5000
      },
      "rotation": {
        "x": 0,
        "y": 0,
        "z": 0,
        "w": 1
      },
      "viewCenter": {
        "x": 0,
        "y": 0,
        "z": 0
      },
      "contentRect": {
        "x": 0,
        "y": 0,
        "width": 274.44375,
        "height": 487.9
      },
      "scale": 0.25411458333333337
    },
    "4d207c37-88e5-43e4-9adf-59f75b58f539": {
      "position": {
        "x": 272.6666666666667,
        "y": 487.2916666666667,
        "z": 5000
      },
      "rotation": {
        "x": 0,
        "y": 0,
        "z": 0,
        "w": 1
      },
      "viewCenter": {
        "x": 0,
        "y": 0,
        "z": 0
      },
      "contentRect": {
        "x": 0,
        "y": 0,
        "width": 195.70526315789473,
        "height": 348.6
      },
      "scale": 0.1812085769980507
    },
    "a00965ac-16a0-4532-b3f2-f65770dcbf14": {
      "position": {
        "x": 537.5124999999998,
        "y": 757.5174999999999,
        "z": 5000
      },
      "rotation": {
        "x": 0,
        "y": 0,
        "z": 0,
        "w": 1
      },
      "viewCenter": {
        "x": 0,
        "y": 0,
        "z": 0
      },
      "contentRect": {
        "x": 0,
        "y": 0,
        "width": 274.44375,
        "height": 487.9
      },
      "scale": 0.25411458333333337
    },
    "98c065c6-375f-4012-b95e-270681c61294": {
      "position": {
        "x": 388.9566666666667,
        "y": 693.7354166666667,
        "z": 5000
      },
      "rotation": {
        "x": 0,
        "y": 0,
        "z": 0,
        "w": 1
      },
      "viewCenter": {
        "x": 0,
        "y": 0,
        "z": 0
      },
      "contentRect": {
        "x": 0,
        "y": 0,
        "width": 195.70526315789473,
        "height": 348.6
      },
      "scale": 0.1812085769980507
    },
    "67dbae75-4d09-4ecc-8cb4-55f8e9eddeff": {
      "position": {
        "x": 537.3249999999998,
        "y": 742.255,
        "z": 5000
      },
      "rotation": {
        "x": 0,
        "y": 0,
        "z": 0,
        "w": 1
      },
      "viewCenter": {
        "x": 0,
        "y": 0,
        "z": 0
      },
      "contentRect": {
        "x": 0,
        "y": 0,
        "width": 274.44375,
        "height": 487.9
      },
      "scale": 0.25411458333333337
    },
    "614fd89c-32b1-4b9d-b721-d5f0a516ff42": {
      "position": {
        "x": 334.82166666666666,
        "y": 597.6322916666667,
        "z": 5000
      },
      "rotation": {
        "x": 0,
        "y": 0,
        "z": 0,
        "w": 1
      },
      "viewCenter": {
        "x": 0,
        "y": 0,
        "z": 0
      },
      "contentRect": {
        "x": 0,
        "y": 0,
        "width": 195.70526315789473,
        "height": 348.6
      },
      "scale": 0.1812085769980507
    },
    "3b2282f4-ff00-4991-bd3b-894796cb3d49": {
      "position": {
        "x": 539.5749999999998,
        "y": 925.405,
        "z": 5000
      },
      "rotation": {
        "x": 0,
        "y": 0,
        "z": 0,
        "w": 1
      },
      "viewCenter": {
        "x": 0,
        "y": 0,
        "z": 0
      },
      "contentRect": {
        "x": 0,
        "y": 0,
        "width": 274.44375,
        "height": 487.9
      },
      "scale": 0.25411458333333337
    },
    "f5d775c5-93ba-4654-b8b5-089fd3e05f20": {
      "position": {
        "x": 278.68166666666673,
        "y": 497.9697916666667,
        "z": 5000
      },
      "rotation": {
        "x": 0,
        "y": 0,
        "z": 0,
        "w": 1
      },
      "viewCenter": {
        "x": 0,
        "y": 0,
        "z": 0
      },
      "contentRect": {
        "x": 0,
        "y": 0,
        "width": 195.70526315789473,
        "height": 348.6
      },
      "scale": 0.1812085769980507
    },
    "24bf3858-55e4-47a3-97f2-d7bb95919482": {
      "position": {
        "x": 540,
        "y": 961.875,
        "z": 5000
      },
      "rotation": {
        "x": 0,
        "y": 0,
        "z": 0,
        "w": 1
      },
      "viewCenter": {
        "x": 0,
        "y": 0,
        "z": 0
      },
      "contentRect": {
        "x": 0,
        "y": 0,
        "width": 195.70526315789473,
        "height": 348.6
      },
      "scale": 0.1812085769980507
    },
    "2950f16a-b81a-4e6b-9251-e0fe856a67cb": {
      "position": {
        "x": 221.40708025608774,
        "y": 670.5038904864809,
        "z": 5000
      },
      "rotation": {
        "x": 0,
        "y": 0,
        "z": 0,
        "w": 1
      },
      "viewCenter": {
        "x": 0,
        "y": 0,
        "z": 0
      },
      "contentRect": {
        "x": -1701.7684263751296,
        "y": -585.7785163757106,
        "width": 280,
        "height": 498
      },
      "scale": 0.27740577922319726
    }
  },
  "camera-uuids": [
    "1afb6728-c661-4859-a6c4-1d37b36cc550",
    "0acd0bba-7c3f-4864-a4b9-73fb73ff9771",
    "5ccb63d0-050a-4ef4-a232-3b24153ee46e",
    "58ba13da-89b7-49f0-958e-74121449aca9",
    "7c9cbc0b-16f8-4480-b526-b18ee75e3ad7",
    "ddd36db2-384b-4b3e-8d40-c1224fec11ec",
    "259f66dd-c0bd-4e33-af8f-3c291cd0c6b9",
    "b4b4cca2-21f2-4212-beea-c9901a3d5c2c",
    "1e02f9be-0b69-48de-ac3d-d8503c1799bd",
    "0a1ef3a9-696c-408c-a3ec-39a243d73980",
    "84858a2e-7cdf-4293-8ef2-f7c82174ab42",
    "2ad00619-6e78-4567-8cb8-5677f06350e5",
    "7c0eb59f-dc6c-4893-b7e0-040a1c3d6a39",
    "bc3e6987-0eb0-49b1-b43b-ba88583e2eca",
    "211f8d18-2bca-43a1-965a-a720577f4ac8",
    "402acfe0-3e14-4efc-b4ea-bdf03d73f59b",
    "1d32079c-4732-4601-9f3a-8eb5d26efe5a",
    "351bea0c-cb07-4140-9ec8-f3cbc4dfb86b",
    "c8aadabc-04b9-492e-8112-5e3674453482",
    "4c672117-66be-422d-bc84-0350e676733d",
    "aa2d325d-8898-4dc4-b35b-d3fcfc9d8cbf",
    "36f80fbf-3401-47bd-9ad6-29030ea0c03f",
    "b605a861-6dc7-4473-a666-d10967531194",
    "ffccb8f6-997a-4ac0-9a61-913ee7ce9190",
    "c5deed9b-de17-4ac1-afdd-a3cf54dbb885",
    "7c209d10-3163-48be-8706-f91605ba57d8",
    "57b72c5c-4f61-476d-bb29-de550e00d906",
    "0c1a56a0-97d2-4084-8940-5aabe929f36f",
    "4af7a481-a7e4-4e3f-8692-97b3dc359539",
    "6a4ced79-2194-4816-8460-e2412014d0aa",
    "ca1365cb-ca8f-4d7c-b570-984ece3ca3cb",
    "c72a4e1a-b8cf-4671-8404-fbea2c34269a",
    "00c79c60-8849-4fb9-9785-3598edf9f361",
    "a3baa5d6-db87-49bc-8e52-b5e4289e6671",
    "49a8af38-a61c-470b-8259-09cfebb5f391",
    "12721da1-bee0-4e3a-a869-db4accf274e0",
    "0e42d3a3-6ca4-4124-8a47-551a8c8437a0",
    "3c63c35c-3254-485c-9071-ac27b6eefe82",
    "c5c46179-0ce0-40d7-ab99-28404abb142b",
    "202bdf40-889b-4a19-8b17-9d21948de378",
    "f466c378-3081-4cfa-bd70-3d29c47b9a7e",
    "4d207c37-88e5-43e4-9adf-59f75b58f539",
    "a00965ac-16a0-4532-b3f2-f65770dcbf14",
    "98c065c6-375f-4012-b95e-270681c61294",
    "67dbae75-4d09-4ecc-8cb4-55f8e9eddeff",
    "614fd89c-32b1-4b9d-b721-d5f0a516ff42",
    "3b2282f4-ff00-4991-bd3b-894796cb3d49",
    "f5d775c5-93ba-4654-b8b5-089fd3e05f20",
    "24bf3858-55e4-47a3-97f2-d7bb95919482",
    "2950f16a-b81a-4e6b-9251-e0fe856a67cb"
  ],
  "camera": {
    "color": [
      48,
      48,
      48,
      255
    ],
    "fov": 45,
    "far": 10000,
    "near": 0.01,
    "wheelSpeed": 0.01,
    "wanderSpeed": 10,
    "enableAcceleration": true,
    "size": "__default_design__",
    "far2D": 10000,
    "near2D": 1,
    "wheelSpeed2D": 6,
    "iso": 0,
    "aperture": 19,
    "shutter": 7
  },
  "float-window": {
    "position": {
      "cc": {
        "Camera": {
          "dock": false,
          "top": null,
          "bottom": 10,
          "left": null,
          "right": 10
        }
      }
    }
  },
  "scene_view": {
    "isSceneLightOn": true,
    "output_device": "__default_design__"
  },
  "game-view": {
    "scaleValue": 26,
    "sliderValue": 9
  }
}
