{
  "__version__": "1.0.1",
  "builder": {
    "common": {
      "polyfills": {
        "asyncFunctions": true
      },
      "buildPath": "project://build",
      "outputName": "Tetris",
      "mainBundleCompressionType": "merge_dep",
      "platform": "web-mobile",
      "startScene": "0c1a56a0-97d2-4084-8940-5aabe929f36f"
    },
    "taskOptionsMap": {
      "1762496803078": {
        "useWebGPU": false,
        "orientation": "auto",
        "embedWebDebugger": false,
        "__version__": "1.0.1"
      }
    },
    "__version__": "1.3.9"
  }
}
