{
  "imports": {
    "cce:/internal/x/cc": "./chunks/93/93ba276ea7b26ffcdc433fab14afc1ed6f05647b.js",
    "cce:/internal/x/prerequisite-imports": "./chunks/6d/6d8fd2b0177941b032ddc0733af48a561fb60657.js",
    "file:///C:/ProgramData/cocos/editors/Creator/3.8.6/resources/resources/3d/engine/editor/assets/default_renderpipeline/builtin-dof-pass.ts": "./chunks/d2/d208b01558c13077e4a9c9f1302dfbf2b2122e40.js",
    "file:///C:/ProgramData/cocos/editors/Creator/3.8.6/resources/resources/3d/engine/editor/assets/default_renderpipeline/builtin-pipeline-pass.ts": "./chunks/b3/b37de22ab9dff6e9f979ab9e517f60b5b4ae4ba5.js",
    "file:///C:/ProgramData/cocos/editors/Creator/3.8.6/resources/resources/3d/engine/editor/assets/default_renderpipeline/builtin-pipeline-settings.ts": "./chunks/36/36278e5c964e5e2f737bca1654894a5a7b2a7063.js",
    "file:///C:/ProgramData/cocos/editors/Creator/3.8.6/resources/resources/3d/engine/editor/assets/default_renderpipeline/builtin-pipeline-types.ts": "./chunks/38/383c24386be9d9de15fc0c17a8951753b54d596a.js",
    "file:///C:/ProgramData/cocos/editors/Creator/3.8.6/resources/resources/3d/engine/editor/assets/default_renderpipeline/builtin-pipeline.ts": "./chunks/98/9846cefb9cb6e16313f2e5e80bbb689314385757.js",
    "file:///C:/ProgramData/cocos/editors/Creator/3.8.6/resources/resources/3d/engine/editor/assets/tools/debug-view-runtime-control.ts": "./chunks/49/49c387c7d23ec5c771c1bd713cdd20f77551061d.js",
    "file:///D:/COCOS%20CREATOR/TetrisPuzzle/assets/Scripts/GameManager.ts": "./chunks/dc/dc10b9f9fd8a4544c6bb2e28c71f00ef7d81af05.js",
    "file:///D:/COCOS%20CREATOR/TetrisPuzzle/assets/Scripts/GridCell.ts": "./chunks/b8/b87f0a50d34694908370a74445afc71c76a3bd59.js",
    "file:///D:/COCOS%20CREATOR/TetrisPuzzle/assets/Scripts/GridController.ts": "./chunks/01/0125e884a56cba82f1f61e05c51447ec4113df3c.js",
    "file:///D:/COCOS%20CREATOR/TetrisPuzzle/assets/Scripts/PieceShapes.ts": "./chunks/8a/8ad99a8502ab13c543dddb5bec8eec27ca867833.js",
    "file:///D:/COCOS%20CREATOR/TetrisPuzzle/assets/Scripts/TitleScene.ts": "./chunks/af/afa06302018e5bf3991dfbbc64d0c1d03f21caaa.js",
    "file:///D:/COCOS%20CREATOR/TetrisPuzzle/assets/Scripts/utils/Constant.ts": "./chunks/e2/e221726615a3775d438136baca2a9e6ddd07e7a8.js",
    "file:///D:/COCOS%20CREATOR/TetrisPuzzle/assets/Scripts/utils/Utils.ts": "./chunks/1c/1c07a5309663b0124b28b3769eb5944f7c5a0266.js"
  },
  "scopes": {
    "./chunks/1c/1c07a5309663b0124b28b3769eb5944f7c5a0266.js": {
      "cc": "./chunks/93/93ba276ea7b26ffcdc433fab14afc1ed6f05647b.js"
    },
    "./chunks/93/93ba276ea7b26ffcdc433fab14afc1ed6f05647b.js": {
      "__unresolved_0": "cce:/internal/x/cc-fu/2d",
      "__unresolved_1": "cce:/internal/x/cc-fu/sorting",
      "__unresolved_10": "cce:/internal/x/cc-fu/graphics",
      "__unresolved_11": "cce:/internal/x/cc-fu/intersection-2d",
      "__unresolved_12": "cce:/internal/x/cc-fu/mask",
      "__unresolved_13": "cce:/internal/x/cc-fu/particle-2d",
      "__unresolved_14": "cce:/internal/x/cc-fu/physics-2d-box2d",
      "__unresolved_15": "cce:/internal/x/cc-fu/physics-2d-framework",
      "__unresolved_16": "cce:/internal/x/cc-fu/profiler",
      "__unresolved_17": "cce:/internal/x/cc-fu/rich-text",
      "__unresolved_18": "cce:/internal/x/cc-fu/spine",
      "__unresolved_19": "cce:/internal/x/cc-fu/tiled-map",
      "__unresolved_2": "cce:/internal/x/cc-fu/affine-transform",
      "__unresolved_20": "cce:/internal/x/cc-fu/tween",
      "__unresolved_21": "cce:/internal/x/cc-fu/ui",
      "__unresolved_22": "cce:/internal/x/cc-fu/video",
      "__unresolved_23": "cce:/internal/x/cc-fu/webview",
      "__unresolved_3": "cce:/internal/x/cc-fu/animation",
      "__unresolved_4": "cce:/internal/x/cc-fu/audio",
      "__unresolved_5": "cce:/internal/x/cc-fu/base",
      "__unresolved_6": "cce:/internal/x/cc-fu/custom-pipeline",
      "__unresolved_7": "cce:/internal/x/cc-fu/dragon-bones",
      "__unresolved_8": "cce:/internal/x/cc-fu/gfx-webgl",
      "__unresolved_9": "cce:/internal/x/cc-fu/gfx-webgl2"
    },
    "./chunks/e2/e221726615a3775d438136baca2a9e6ddd07e7a8.js": {
      "cc": "./chunks/93/93ba276ea7b26ffcdc433fab14afc1ed6f05647b.js"
    },
    "./chunks/af/afa06302018e5bf3991dfbbc64d0c1d03f21caaa.js": {
      "cc": "./chunks/93/93ba276ea7b26ffcdc433fab14afc1ed6f05647b.js"
    },
    "./chunks/8a/8ad99a8502ab13c543dddb5bec8eec27ca867833.js": {
      "__unresolved_0": "./chunks/6a/6a5019a719a9014c047e67aa1cf34453ab8392ce.js",
      "__unresolved_1": "./chunks/e2/e221726615a3775d438136baca2a9e6ddd07e7a8.js",
      "__unresolved_2": "./chunks/1c/1c07a5309663b0124b28b3769eb5944f7c5a0266.js",
      "cc": "./chunks/93/93ba276ea7b26ffcdc433fab14afc1ed6f05647b.js"
    },
    "./chunks/01/0125e884a56cba82f1f61e05c51447ec4113df3c.js": {
      "__unresolved_0": "./chunks/6a/6a5019a719a9014c047e67aa1cf34453ab8392ce.js",
      "__unresolved_1": "./chunks/b8/b87f0a50d34694908370a74445afc71c76a3bd59.js",
      "__unresolved_2": "./chunks/1c/1c07a5309663b0124b28b3769eb5944f7c5a0266.js",
      "cc": "./chunks/93/93ba276ea7b26ffcdc433fab14afc1ed6f05647b.js"
    },
    "./chunks/b8/b87f0a50d34694908370a74445afc71c76a3bd59.js": {
      "cc": "./chunks/93/93ba276ea7b26ffcdc433fab14afc1ed6f05647b.js"
    },
    "./chunks/dc/dc10b9f9fd8a4544c6bb2e28c71f00ef7d81af05.js": {
      "__unresolved_0": "./chunks/6a/6a5019a719a9014c047e67aa1cf34453ab8392ce.js",
      "__unresolved_1": "./chunks/e2/e221726615a3775d438136baca2a9e6ddd07e7a8.js",
      "__unresolved_2": "./chunks/01/0125e884a56cba82f1f61e05c51447ec4113df3c.js",
      "__unresolved_3": "./chunks/8a/8ad99a8502ab13c543dddb5bec8eec27ca867833.js",
      "cc": "./chunks/93/93ba276ea7b26ffcdc433fab14afc1ed6f05647b.js"
    },
    "./chunks/49/49c387c7d23ec5c771c1bd713cdd20f77551061d.js": {
      "cc": "./chunks/93/93ba276ea7b26ffcdc433fab14afc1ed6f05647b.js"
    },
    "./chunks/98/9846cefb9cb6e16313f2e5e80bbb689314385757.js": {
      "__unresolved_0": "./chunks/6a/6a5019a719a9014c047e67aa1cf34453ab8392ce.js",
      "__unresolved_1": "./chunks/38/383c24386be9d9de15fc0c17a8951753b54d596a.js",
      "cc": "./chunks/93/93ba276ea7b26ffcdc433fab14afc1ed6f05647b.js"
    },
    "./chunks/38/383c24386be9d9de15fc0c17a8951753b54d596a.js": {
      "cc": "./chunks/93/93ba276ea7b26ffcdc433fab14afc1ed6f05647b.js"
    },
    "./chunks/36/36278e5c964e5e2f737bca1654894a5a7b2a7063.js": {
      "__unresolved_0": "./chunks/6a/6a5019a719a9014c047e67aa1cf34453ab8392ce.js",
      "__unresolved_1": "./chunks/38/383c24386be9d9de15fc0c17a8951753b54d596a.js",
      "cc": "./chunks/93/93ba276ea7b26ffcdc433fab14afc1ed6f05647b.js"
    },
    "./chunks/b3/b37de22ab9dff6e9f979ab9e517f60b5b4ae4ba5.js": {
      "__unresolved_0": "./chunks/6a/6a5019a719a9014c047e67aa1cf34453ab8392ce.js",
      "__unresolved_1": "./chunks/36/36278e5c964e5e2f737bca1654894a5a7b2a7063.js",
      "cc": "./chunks/93/93ba276ea7b26ffcdc433fab14afc1ed6f05647b.js"
    },
    "./chunks/d2/d208b01558c13077e4a9c9f1302dfbf2b2122e40.js": {
      "__unresolved_0": "./chunks/6a/6a5019a719a9014c047e67aa1cf34453ab8392ce.js",
      "__unresolved_1": "./chunks/36/36278e5c964e5e2f737bca1654894a5a7b2a7063.js",
      "__unresolved_2": "./chunks/b3/b37de22ab9dff6e9f979ab9e517f60b5b4ae4ba5.js",
      "__unresolved_3": "./chunks/98/9846cefb9cb6e16313f2e5e80bbb689314385757.js",
      "cc": "./chunks/93/93ba276ea7b26ffcdc433fab14afc1ed6f05647b.js"
    },
    "./chunks/6d/6d8fd2b0177941b032ddc0733af48a561fb60657.js": {
      "__unresolved_0": "./chunks/d2/d208b01558c13077e4a9c9f1302dfbf2b2122e40.js",
      "__unresolved_1": "./chunks/b3/b37de22ab9dff6e9f979ab9e517f60b5b4ae4ba5.js",
      "__unresolved_10": "./chunks/af/afa06302018e5bf3991dfbbc64d0c1d03f21caaa.js",
      "__unresolved_11": "./chunks/e2/e221726615a3775d438136baca2a9e6ddd07e7a8.js",
      "__unresolved_12": "./chunks/1c/1c07a5309663b0124b28b3769eb5944f7c5a0266.js",
      "__unresolved_2": "./chunks/36/36278e5c964e5e2f737bca1654894a5a7b2a7063.js",
      "__unresolved_3": "./chunks/38/383c24386be9d9de15fc0c17a8951753b54d596a.js",
      "__unresolved_4": "./chunks/98/9846cefb9cb6e16313f2e5e80bbb689314385757.js",
      "__unresolved_5": "./chunks/49/49c387c7d23ec5c771c1bd713cdd20f77551061d.js",
      "__unresolved_6": "./chunks/dc/dc10b9f9fd8a4544c6bb2e28c71f00ef7d81af05.js",
      "__unresolved_7": "./chunks/b8/b87f0a50d34694908370a74445afc71c76a3bd59.js",
      "__unresolved_8": "./chunks/01/0125e884a56cba82f1f61e05c51447ec4113df3c.js",
      "__unresolved_9": "./chunks/8a/8ad99a8502ab13c543dddb5bec8eec27ca867833.js"
    }
  }
}