{
  "__type__": "cc.SpriteFrame",
  "content": {
    "name": "4x4_table",
    "atlas": "",
    "rect": {
      "x": 0,
      "y": 0,
      "width": 1005,
      "height": 806
    },
    "offset": {
      "x": 0,
      "y": 0
    },
    "originalSize": {
      "width": 1005,
      "height": 806
    },
    "rotated": false,
    "capInsets": [
      0,
      0,
      0,
      0
    ],
    "vertices": {
      "rawPosition": [
        -502.5,
        -403,
        0,
        502.5,
        -403,
        0,
        -502.5,
        403,
        0,
        502.5,
        403,
        0
      ],
      "indexes": [
        0,
        1,
        2,
        2,
        1,
        3
      ],
      "uv": [
        0,
        806,
        1005,
        806,
        0,
        0,
        1005,
        0
      ],
      "nuv": [
        0,
        0,
        1,
        0,
        0,
        1,
        1,
        1
      ],
      "minPos": {
        "x": -502.5,
        "y": -403,
        "z": 0
      },
      "maxPos": {
        "x": 502.5,
        "y": 403,
        "z": 0
      }
    },
    "texture": "e46a198b-b09a-4627-98d1-3362ecfbf143@6c48a",
    "packable": true,
    "pixelsToUnit": 100,
    "pivot": {
      "x": 0.5,
      "y": 0.5
    },
    "meshType": 0
  }
}