{
  "c0975169-aacf-4a74-b5cb-8f47de653757": {
    "url": "db://assets/Images",
    "value": {},
    "versionCode": 1
  },
  "e95ac233-76e6-43cf-9d97-f07dd4eb87f1": {
    "url": "db://assets/Scripts",
    "value": {},
    "versionCode": 1
  },
  "10315094-e72e-42b9-9c39-e3ed87179711": {
    "url": "db://assets/Prefabs",
    "value": {},
    "versionCode": 1
  },
  "d777fba9-092a-4842-bcf7-6bda1d523a72": {
    "url": "db://assets/Scenes",
    "value": {},
    "versionCode": 1
  },
  "d79a4892-bc9c-4dcb-8707-18b5db021fc5": {
    "url": "db://assets/Images/game_bg.jpg",
    "value": {
      "depends": []
    },
    "versionCode": 1
  },
  "d79a4892-bc9c-4dcb-8707-18b5db021fc5@6c48a": {
    "url": "db://assets/Images/game_bg.jpg@6c48a",
    "value": {
      "depends": [
        "d79a4892-bc9c-4dcb-8707-18b5db021fc5"
      ]
    },
    "versionCode": 1
  },
  "d79a4892-bc9c-4dcb-8707-18b5db021fc5@f9941": {
    "url": "db://assets/Images/game_bg.jpg@f9941",
    "value": {
      "depends": [
        "d79a4892-bc9c-4dcb-8707-18b5db021fc5@6c48a"
      ]
    },
    "versionCode": 1
  },
  "2950f16a-b81a-4e6b-9251-e0fe856a67cb": {
    "url": "db://assets/Scenes/GameScene.scene",
    "value": {
      "depends": [
        "2950f16a-b81a-4e6b-9251-e0fe856a67cb",
        "d79a4892-bc9c-4dcb-8707-18b5db021fc5@f9941",
        "7c0eb59f-dc6c-4893-b7e0-040a1c3d6a39",
        "2c9c4de6-1d0e-432a-8b56-c63342fb055b",
        "c5c7845e-1efa-4d35-a3b3-2e2a9689a764@f9941",
        "e46a198b-b09a-4627-98d1-3362ecfbf143@f9941",
        "bb0f2016-d7ca-4fe9-a7ba-faac5096432b@f9941",
        "07afaeb8-77f7-4dd6-9709-af9031246357@f9941"
      ],
      "dependScripts": [
        "87a3d7d7-4644-41ea-bcd0-61edbc7708f6",
        "c871c130-d47f-4c45-8b6a-53fcd9b343f1",
        "345843d6-68eb-4578-9f78-81105c17f193"
      ]
    },
    "versionCode": 1
  },
  "a318fe5f-cf55-4af6-b18f-47b0bdaf5c0b": {
    "url": "db://assets/Scripts/GridCell.ts",
    "value": {},
    "versionCode": 1
  },
  "87a3d7d7-4644-41ea-bcd0-61edbc7708f6": {
    "url": "db://assets/Scripts/GridController.ts",
    "value": {},
    "versionCode": 1
  },
  "697b6b52-875a-4a37-a561-0a0f9b9902e4": {
    "url": "db://assets/Prefabs/cells.prefab",
    "value": {},
    "versionCode": 1
  },
  "e2b20304-d09a-4205-bb66-3923272b50bd": {
    "url": "db://assets/Prefabs/grid.prefab",
    "value": {},
    "versionCode": 1
  },
  "c5c7845e-1efa-4d35-a3b3-2e2a9689a764": {
    "url": "db://assets/Images/4x3_table.png",
    "value": {
      "depends": []
    },
    "versionCode": 1
  },
  "e46a198b-b09a-4627-98d1-3362ecfbf143": {
    "url": "db://assets/Images/4x4_table.png",
    "value": {
      "depends": []
    },
    "versionCode": 1
  },
  "bb0f2016-d7ca-4fe9-a7ba-faac5096432b": {
    "url": "db://assets/Images/4x5_table.png",
    "value": {
      "depends": []
    },
    "versionCode": 1
  },
  "07afaeb8-77f7-4dd6-9709-af9031246357": {
    "url": "db://assets/Images/4x6_table.png",
    "value": {
      "depends": []
    },
    "versionCode": 1
  },
  "a077bcdd-0d2a-4b23-b4bf-f68e0d03b3cf": {
    "url": "db://assets/Images/box.png",
    "value": {
      "depends": []
    },
    "versionCode": 1
  },
  "c5c7845e-1efa-4d35-a3b3-2e2a9689a764@6c48a": {
    "url": "db://assets/Images/4x3_table.png@6c48a",
    "value": {
      "depends": [
        "c5c7845e-1efa-4d35-a3b3-2e2a9689a764"
      ]
    },
    "versionCode": 1
  },
  "a077bcdd-0d2a-4b23-b4bf-f68e0d03b3cf@6c48a": {
    "url": "db://assets/Images/box.png@6c48a",
    "value": {
      "depends": [
        "a077bcdd-0d2a-4b23-b4bf-f68e0d03b3cf"
      ]
    },
    "versionCode": 1
  },
  "bb0f2016-d7ca-4fe9-a7ba-faac5096432b@6c48a": {
    "url": "db://assets/Images/4x5_table.png@6c48a",
    "value": {
      "depends": [
        "bb0f2016-d7ca-4fe9-a7ba-faac5096432b"
      ]
    },
    "versionCode": 1
  },
  "07afaeb8-77f7-4dd6-9709-af9031246357@6c48a": {
    "url": "db://assets/Images/4x6_table.png@6c48a",
    "value": {
      "depends": [
        "07afaeb8-77f7-4dd6-9709-af9031246357"
      ]
    },
    "versionCode": 1
  },
  "a077bcdd-0d2a-4b23-b4bf-f68e0d03b3cf@f9941": {
    "url": "db://assets/Images/box.png@f9941",
    "value": {
      "depends": [
        "a077bcdd-0d2a-4b23-b4bf-f68e0d03b3cf@6c48a"
      ]
    },
    "versionCode": 1
  },
  "2c9c4de6-1d0e-432a-8b56-c63342fb055b": {
    "url": "db://assets/Prefabs/GridCell.prefab",
    "value": {
      "depends": [
        "646ed8d3-c223-4254-b257-9c7bfbc2c139@f9941"
      ],
      "dependScripts": [
        "a318fe5f-cf55-4af6-b18f-47b0bdaf5c0b"
      ]
    },
    "versionCode": 1
  },
  "e46a198b-b09a-4627-98d1-3362ecfbf143@6c48a": {
    "url": "db://assets/Images/4x4_table.png@6c48a",
    "value": {
      "depends": [
        "e46a198b-b09a-4627-98d1-3362ecfbf143"
      ]
    },
    "versionCode": 1
  },
  "c5c7845e-1efa-4d35-a3b3-2e2a9689a764@f9941": {
    "url": "db://assets/Images/4x3_table.png@f9941",
    "value": {
      "depends": [
        "c5c7845e-1efa-4d35-a3b3-2e2a9689a764@6c48a"
      ]
    },
    "versionCode": 1
  },
  "07afaeb8-77f7-4dd6-9709-af9031246357@f9941": {
    "url": "db://assets/Images/4x6_table.png@f9941",
    "value": {
      "depends": [
        "07afaeb8-77f7-4dd6-9709-af9031246357@6c48a"
      ]
    },
    "versionCode": 1
  },
  "bb0f2016-d7ca-4fe9-a7ba-faac5096432b@f9941": {
    "url": "db://assets/Images/4x5_table.png@f9941",
    "value": {
      "depends": [
        "bb0f2016-d7ca-4fe9-a7ba-faac5096432b@6c48a"
      ]
    },
    "versionCode": 1
  },
  "e46a198b-b09a-4627-98d1-3362ecfbf143@f9941": {
    "url": "db://assets/Images/4x4_table.png@f9941",
    "value": {
      "depends": [
        "e46a198b-b09a-4627-98d1-3362ecfbf143@6c48a"
      ]
    },
    "versionCode": 1
  },
  "ff98fb74-25c6-471b-af59-0948826a60ee": {
    "url": "db://assets/resources",
    "value": {},
    "versionCode": 1
  },
  "a15efbe0-57a8-4f33-b57e-41cb89756f41": {
    "url": "db://assets/resources/LevelData.json",
    "value": {
      "depends": []
    },
    "versionCode": 1
  },
  "345843d6-68eb-4578-9f78-81105c17f193": {
    "url": "db://assets/Scripts/GameManager.ts",
    "value": {},
    "versionCode": 1
  },
  "fb9e7e99-318b-4d29-bd2d-fc817125cc12": {
    "url": "db://assets/Scripts/utils/Constant.ts",
    "value": {},
    "versionCode": 1
  },
  "ab06e4a0-509d-4da0-8a14-4328c5523770": {
    "url": "db://assets/Scripts/utils",
    "value": {},
    "versionCode": 1
  },
  "c871c130-d47f-4c45-8b6a-53fcd9b343f1": {
    "url": "db://assets/Scripts/PieceShapes.ts",
    "value": {},
    "versionCode": 1
  },
  "7c0eb59f-dc6c-4893-b7e0-040a1c3d6a39": {
    "url": "db://assets/Prefabs/TilePrefab.prefab",
    "value": {
      "depends": [
        "646ed8d3-c223-4254-b257-9c7bfbc2c139@f9941"
      ],
      "dependScripts": []
    },
    "versionCode": 1
  },
  "646ed8d3-c223-4254-b257-9c7bfbc2c139": {
    "url": "db://assets/Images/one_pixel_white.png",
    "value": {
      "depends": []
    },
    "versionCode": 1
  },
  "646ed8d3-c223-4254-b257-9c7bfbc2c139@6c48a": {
    "url": "db://assets/Images/one_pixel_white.png@6c48a",
    "value": {
      "depends": [
        "646ed8d3-c223-4254-b257-9c7bfbc2c139"
      ]
    },
    "versionCode": 1
  },
  "646ed8d3-c223-4254-b257-9c7bfbc2c139@f9941": {
    "url": "db://assets/Images/one_pixel_white.png@f9941",
    "value": {
      "depends": [
        "646ed8d3-c223-4254-b257-9c7bfbc2c139@6c48a"
      ]
    },
    "versionCode": 1
  },
  "ce91285c-bdb1-461b-a5a1-78424707db59": {
    "url": "db://assets/Scripts/utils/Utils.ts",
    "value": {},
    "versionCode": 1
  },
  "0c1a56a0-97d2-4084-8940-5aabe929f36f": {
    "url": "db://assets/Scenes/TitleScene.scene",
    "value": {
      "depends": [
        "0c1a56a0-97d2-4084-8940-5aabe929f36f",
        "20835ba4-6145-4fbc-a58a-051ce700aa3e@f9941",
        "544e49d6-3f05-4fa8-9a9e-091f98fc2ce8@f9941",
        "951249e0-9f16-456d-8b85-a6ca954da16b@f9941",
        "646ed8d3-c223-4254-b257-9c7bfbc2c139@f9941"
      ],
      "dependScripts": [
        "32376bfd-7663-4205-b98e-a4198fc51269"
      ]
    },
    "versionCode": 1
  },
  "32376bfd-7663-4205-b98e-a4198fc51269": {
    "url": "db://assets/Scripts/TitleScene.ts",
    "value": {},
    "versionCode": 1
  }
}
