{
  "version": "1.0.0",
  "map": {
    "D:\\COCOS CREATOR\\TetrisPuzzle\\assets\\Images.meta": {
      "time": 1762364491904.6248
    },
    "D:\\COCOS CREATOR\\TetrisPuzzle\\assets\\Images": {
      "time": 1762407799966.013,
      "uuid": "c0975169-aacf-4a74-b5cb-8f47de653757"
    },
    "D:\\COCOS CREATOR\\TetrisPuzzle\\assets\\Scripts.meta": {
      "time": 1762364508184.714
    },
    "D:\\COCOS CREATOR\\TetrisPuzzle\\assets\\Scripts": {
      "time": 1762459719534.7827,
      "uuid": "e95ac233-76e6-43cf-9d97-f07dd4eb87f1"
    },
    "D:\\COCOS CREATOR\\TetrisPuzzle\\assets\\Prefabs.meta": {
      "time": 1762364521711.412
    },
    "D:\\COCOS CREATOR\\TetrisPuzzle\\assets\\Prefabs": {
      "time": 1762372489401.0232,
      "uuid": "10315094-e72e-42b9-9c39-e3ed87179711"
    },
    "D:\\COCOS CREATOR\\TetrisPuzzle\\assets\\Scenes.meta": {
      "time": 1762364553619.217
    },
    "D:\\COCOS CREATOR\\TetrisPuzzle\\assets\\Scenes": {
      "time": 1762459480807.924,
      "uuid": "d777fba9-092a-4842-bcf7-6bda1d523a72"
    },
    "D:\\COCOS CREATOR\\TetrisPuzzle\\assets\\Images\\game_bg.jpg.meta": {
      "time": 1762364568835.729
    },
    "D:\\COCOS CREATOR\\TetrisPuzzle\\assets\\Images\\game_bg.jpg": {
      "time": 1755849967859.5906,
      "uuid": "d79a4892-bc9c-4dcb-8707-18b5db021fc5"
    },
    "D:\\COCOS CREATOR\\TetrisPuzzle\\assets\\Scenes\\GameScene.scene.meta": {
      "time": 1762364624709.853
    },
    "D:\\COCOS CREATOR\\TetrisPuzzle\\assets\\Scenes\\GameScene.scene": {
      "time": 1762494506834.8281,
      "uuid": "2950f16a-b81a-4e6b-9251-e0fe856a67cb"
    },
    "D:\\COCOS CREATOR\\TetrisPuzzle\\assets\\Scripts\\GridCell.ts.meta": {
      "time": 1762364803359.8872
    },
    "D:\\COCOS CREATOR\\TetrisPuzzle\\assets\\Scripts\\GridController.ts.meta": {
      "time": 1762364803381.1936
    },
    "D:\\COCOS CREATOR\\TetrisPuzzle\\assets\\Scripts\\GridCell.ts": {
      "time": 1762495431283.5159,
      "uuid": "a318fe5f-cf55-4af6-b18f-47b0bdaf5c0b"
    },
    "D:\\COCOS CREATOR\\TetrisPuzzle\\assets\\Scripts\\GridController.ts": {
      "time": 1762496137338.2136,
      "uuid": "87a3d7d7-4644-41ea-bcd0-61edbc7708f6"
    },
    "D:\\COCOS CREATOR\\TetrisPuzzle\\assets\\Images\\4x3_table.png.meta": {
      "time": 1762367376845.8286
    },
    "D:\\COCOS CREATOR\\TetrisPuzzle\\assets\\Images\\4x4_table.png.meta": {
      "time": 1762367376861.7253
    },
    "D:\\COCOS CREATOR\\TetrisPuzzle\\assets\\Images\\4x5_table.png.meta": {
      "time": 1762367376859.715
    },
    "D:\\COCOS CREATOR\\TetrisPuzzle\\assets\\Images\\4x6_table.png.meta": {
      "time": 1762367376851.0718
    },
    "D:\\COCOS CREATOR\\TetrisPuzzle\\assets\\Images\\box.png.meta": {
      "time": 1762367376641.8606
    },
    "D:\\COCOS CREATOR\\TetrisPuzzle\\assets\\Prefabs\\GridCell.prefab.meta": {
      "time": 1762367376877.997
    },
    "D:\\COCOS CREATOR\\TetrisPuzzle\\assets\\Images\\box.png": {
      "time": 1755849967855.5923,
      "uuid": "a077bcdd-0d2a-4b23-b4bf-f68e0d03b3cf"
    },
    "D:\\COCOS CREATOR\\TetrisPuzzle\\assets\\Images\\4x3_table.png": {
      "time": 1755849967829.8306,
      "uuid": "c5c7845e-1efa-4d35-a3b3-2e2a9689a764"
    },
    "D:\\COCOS CREATOR\\TetrisPuzzle\\assets\\Images\\4x6_table.png": {
      "time": 1755849967839.142,
      "uuid": "07afaeb8-77f7-4dd6-9709-af9031246357"
    },
    "D:\\COCOS CREATOR\\TetrisPuzzle\\assets\\Images\\4x5_table.png": {
      "time": 1755849967836.137,
      "uuid": "bb0f2016-d7ca-4fe9-a7ba-faac5096432b"
    },
    "D:\\COCOS CREATOR\\TetrisPuzzle\\assets\\Images\\4x4_table.png": {
      "time": 1755849967834.1277,
      "uuid": "e46a198b-b09a-4627-98d1-3362ecfbf143"
    },
    "D:\\COCOS CREATOR\\TetrisPuzzle\\assets\\Prefabs\\GridCell.prefab": {
      "time": 1762430292406.852,
      "uuid": "2c9c4de6-1d0e-432a-8b56-c63342fb055b"
    },
    "D:\\COCOS CREATOR\\TetrisPuzzle\\assets\\resources.meta": {
      "time": 1762367736031.7773
    },
    "D:\\COCOS CREATOR\\TetrisPuzzle\\assets\\resources": {
      "time": 1762367731794.8218,
      "uuid": "ff98fb74-25c6-471b-af59-0948826a60ee"
    },
    "D:\\COCOS CREATOR\\TetrisPuzzle\\assets\\resources\\LevelData.json.meta": {
      "time": 1762494505982.8604
    },
    "D:\\COCOS CREATOR\\TetrisPuzzle\\assets\\resources\\LevelData.json": {
      "time": 1762494503435.9297,
      "uuid": "a15efbe0-57a8-4f33-b57e-41cb89756f41"
    },
    "D:\\COCOS CREATOR\\TetrisPuzzle\\assets\\Scripts\\GameManager.ts.meta": {
      "time": 1762368119295.391
    },
    "D:\\COCOS CREATOR\\TetrisPuzzle\\assets\\Scripts\\GameManager.ts": {
      "time": 1762496548642.8606,
      "uuid": "345843d6-68eb-4578-9f78-81105c17f193"
    },
    "D:\\COCOS CREATOR\\TetrisPuzzle\\assets\\Scripts\\utils.meta": {
      "time": 1762368218485.397
    },
    "D:\\COCOS CREATOR\\TetrisPuzzle\\assets\\Scripts\\utils\\Constant.ts.meta": {
      "time": 1755849967895.2087
    },
    "D:\\COCOS CREATOR\\TetrisPuzzle\\assets\\Scripts\\utils": {
      "time": 1762416237398.401,
      "uuid": "ab06e4a0-509d-4da0-8a14-4328c5523770"
    },
    "D:\\COCOS CREATOR\\TetrisPuzzle\\assets\\Scripts\\utils\\Constant.ts": {
      "time": 1762373344846.456,
      "uuid": "fb9e7e99-318b-4d29-bd2d-fc817125cc12"
    },
    "D:\\COCOS CREATOR\\TetrisPuzzle\\assets\\Scripts\\PieceShapes.ts.meta": {
      "time": 1762371054450.7954
    },
    "D:\\COCOS CREATOR\\TetrisPuzzle\\assets\\Scripts\\PieceShapes.ts": {
      "time": 1762495619914.4023,
      "uuid": "c871c130-d47f-4c45-8b6a-53fcd9b343f1"
    },
    "D:\\COCOS CREATOR\\TetrisPuzzle\\assets\\Prefabs\\TilePrefab.prefab.meta": {
      "time": 1762371433882.301
    },
    "D:\\COCOS CREATOR\\TetrisPuzzle\\assets\\Prefabs\\TilePrefab.prefab": {
      "time": 1762437090887.9458,
      "uuid": "7c0eb59f-dc6c-4893-b7e0-040a1c3d6a39"
    },
    "D:\\COCOS CREATOR\\TetrisPuzzle\\assets\\Images\\one_pixel_white.png.meta": {
      "time": 1762407800057.2666
    },
    "D:\\COCOS CREATOR\\TetrisPuzzle\\assets\\Images\\one_pixel_white.png": {
      "time": 1746514098578.7942,
      "uuid": "646ed8d3-c223-4254-b257-9c7bfbc2c139"
    },
    "D:\\COCOS CREATOR\\TetrisPuzzle\\assets\\Scripts\\utils\\Utils.ts.meta": {
      "time": 1762416237401.3975
    },
    "D:\\COCOS CREATOR\\TetrisPuzzle\\assets\\Scripts\\utils\\Utils.ts": {
      "time": 1762495759936.2021,
      "uuid": "ce91285c-bdb1-461b-a5a1-78424707db59"
    },
    "D:\\COCOS CREATOR\\TetrisPuzzle\\assets\\Scenes\\TitleScene.scene.meta": {
      "time": 1762459480835.764
    },
    "D:\\COCOS CREATOR\\TetrisPuzzle\\assets\\Scenes\\TitleScene.scene": {
      "time": 1762490967684.2378,
      "uuid": "0c1a56a0-97d2-4084-8940-5aabe929f36f"
    },
    "D:\\COCOS CREATOR\\TetrisPuzzle\\assets\\Scripts\\TitleScene.ts.meta": {
      "time": 1762459719547.7986
    },
    "D:\\COCOS CREATOR\\TetrisPuzzle\\assets\\Scripts\\TitleScene.ts": {
      "time": 1762496510915.4387,
      "uuid": "32376bfd-7663-4205-b98e-a4198fc51269"
    }
  },
  "missing": {
    "c0975169-aacf-4a74-b5cb-8f47de653757": {
      "path": "D:\\COCOS CREATOR\\TetrisPuzzle\\assets\\images",
      "time": 1762364474026.3953,
      "removeTime": 1762364498676
    },
    "2950f16a-b81a-4e6b-9251-e0fe856a67cb": {
      "path": "D:\\COCOS CREATOR\\TetrisPuzzle\\assets\\GameScene.scene",
      "time": 1762364624706.2424,
      "removeTime": 1762364641503
    },
    "7c0eb59f-dc6c-4893-b7e0-040a1c3d6a39": {
      "path": "D:\\COCOS CREATOR\\TetrisPuzzle\\assets\\Prefabs\\GridCell-001.prefab",
      "time": 1762371424715.695,
      "removeTime": 1762371433877
    },
    "697b6b52-875a-4a37-a561-0a0f9b9902e4": {
      "path": "D:\\COCOS CREATOR\\TetrisPuzzle\\assets\\Prefabs\\cells.prefab",
      "time": 1762353570108.9766,
      "removeTime": 1762372483237
    },
    "e2b20304-d09a-4205-bb66-3923272b50bd": {
      "path": "D:\\COCOS CREATOR\\TetrisPuzzle\\assets\\Prefabs\\grid.prefab",
      "time": 1762353570140.2878,
      "removeTime": 1762372489525
    }
  }
}
