[1,["20g1ukYUVPvKWKBRznAKo+@f9941","54TknWPwVPqJqeCR+Y/Czo@f9941","95EkngnxZFbYuFpsqVTaFr@f9941","64btjTwiNCVLJXnHv7wsE5@f9941","20g1ukYUVPvKWKBRznAKo+@6c48a","54TknWPwVPqJqeCR+Y/Czo@6c48a","64btjTwiNCVLJXnHv7wsE5@6c48a","95EkngnxZFbYuFpsqVTaFr@6c48a"],["node","_textureSource","_parent","_spriteFrame","_cameraComponent","_target","target","scene","_normalSprite","_hoverSprite","_pressedSprite","_disabledSprite"],["cc.SpriteFrame",["cc.Node",["_name","_layer","_id","_objFlags","_components","_children","_parent","_lpos"],-1,9,2,1,5],["cc.UITransform",["node","_contentSize"],3,1,5],["cc.Sprite",["_sizeMode","_type","node","_spriteFrame","_color"],1,1,6,5],["cc.SceneAsset",["_name"],2],["cc.Node",["_name","_parent","_components","_lpos"],2,1,2,5],["cc.Canvas",["node","_cameraComponent"],3,1,1],["cc.Widget",["_alignFlags","_top","_bottom","node"],0,1],["cc.Button",["_transition","node","clickEvents","_normalColor","_target","_normalSprite","_hoverSprite","_pressedSprite","_disabledSprite"],2,1,9,5,1,6,6,6,6],["cc.ClickEvent",["_componentId","handler","target"],1,1],["32376v9dmNCBbmOpBmPxRJp",["node"],3,1],["cc.Label",["_string","_actualFontSize","_lineHeight","_overflow","_enableWrapText","_isBold","node","_color"],-3,1,5],["cc.Scene",["_name","_children","_globals"],2,2,4],["cc.SceneGlobals",["ambient","shadows","_skybox","fog","octree","skin","lightProbeInfo","postSettings"],3,4,4,4,4,4,4,4,4],["cc.AmbientInfo",["_skyColorHDR","_groundAlbedoHDR"],3,5,5],["cc.ShadowsInfo",["_shadowColor","_size"],3,5,5],["cc.SkyboxInfo",[],3],["cc.FogInfo",[],3],["cc.OctreeInfo",[],3],["cc.SkinInfo",["_enabled"],2],["cc.LightProbeInfo",[],3],["cc.PostSettingsInfo",[],3],["cc.Camera",["_projection","_orthoHeight","_near","_far","_visibility","node","_color"],-2,1,5]],[[2,0,1,1],[1,0,1,6,5,4,3],[4,0,2],[1,0,1,2,5,4,7,4],[1,0,1,5,4,3],[1,0,3,1,6,4,4],[5,0,1,2,3,2],[2,0,1],[6,0,1,1],[7,0,1,2,3,4],[3,1,0,2,3,3],[3,0,2,4,3,2],[8,0,1,2,3,4,5,6,7,8,2],[9,0,1,2,3],[10,0,1],[11,0,1,2,3,4,5,6,7,7],[12,0,1,2,2],[13,0,1,2,3,4,5,6,7,1],[14,0,1,1],[15,0,1,1],[16,1],[17,1],[18,1],[19,0,2],[20,1],[21,1],[22,0,1,2,3,4,5,6,6]],[[[[2,"TitleScene"],[3,"Canvas",33554432,"beI88Z2HpFELqR4T5EMHpg",[-5,-6],[[0,-1,[5,1080,1920]],[8,-3,-2],[9,45,5.684341886080802e-14,5.684341886080802e-14,-4]],[1,540,960,0]],[4,"Play",33554432,[-12],[[0,-7,[5,200,100]],[10,1,0,-8,0],[12,2,-11,[[13,"32376v9dmNCBbmOpBmPxRJp","OnPlayButtonPressed",-10]],[4,4292269782],-9,1,2,3,4]]],[1,"TitleScene",33554432,1,[-15],[[7,-13],[14,-14]]],[1,"Bg",33554432,3,[2],[[0,-16,[5,1080,1920]],[11,0,-17,[4,4284570680],5]]],[5,"Label",512,33554432,2,[[0,-18,[5,100,40]],[15,"PLAY",40,60,1,false,true,-19,[4,4278190080]]]],[16,"TitleScene",[1],[17,[18,[2,0,0,0,0.520833125],[2,0,0,0,0]],[19,[4,4283190348],[0,512,512]],[20],[21],[22],[23,false],[24],[25]]],[6,"Camera",1,[-20],[1,0,0,1000]],[26,0,960,0,2000,1108344832,7,[4,4278190080]]],0,[0,0,1,0,4,8,0,0,1,0,0,1,0,-1,7,0,-2,3,0,0,2,0,0,2,0,5,2,0,6,3,0,0,2,0,-1,5,0,0,3,0,0,3,0,-1,4,0,0,4,0,0,4,0,0,5,0,0,5,0,-1,8,0,7,6,1,2,6,2,2,4,20],[0,0,0,0,0,0],[3,8,9,10,11,3],[0,0,0,1,2,3]],[[{"name":"default_btn_normal","rect":{"x":0,"y":0,"width":40,"height":40},"offset":{"x":0,"y":0},"originalSize":{"width":40,"height":40},"rotated":false,"capInsets":[12,12,12,12],"vertices":{"rawPosition":[-20,-20,0,20,-20,0,-20,20,0,20,20,0],"indexes":[0,1,2,2,1,3],"uv":[0,40,40,40,0,0,40,0],"nuv":[0,0,1,0,0,1,1,1],"minPos":{"x":-20,"y":-20,"z":0},"maxPos":{"x":20,"y":20,"z":0}},"packable":true,"pixelsToUnit":100,"pivot":{"x":0.5,"y":0.5},"meshType":0}],[0],0,[0],[1],[4]],[[{"name":"default_btn_pressed","rect":{"x":0,"y":0,"width":40,"height":40},"offset":{"x":0,"y":0},"originalSize":{"width":40,"height":40},"rotated":false,"capInsets":[12,12,12,12],"vertices":{"rawPosition":[-20,-20,0,20,-20,0,-20,20,0,20,20,0],"indexes":[0,1,2,2,1,3],"uv":[0,40,40,40,0,0,40,0],"nuv":[0,0,1,0,0,1,1,1],"minPos":{"x":-20,"y":-20,"z":0},"maxPos":{"x":20,"y":20,"z":0}},"packable":true,"pixelsToUnit":100,"pivot":{"x":0.5,"y":0.5},"meshType":0}],[0],0,[0],[1],[5]],[[{"name":"one_pixel_white","rect":{"x":0,"y":0,"width":1,"height":1},"offset":{"x":0,"y":0},"originalSize":{"width":1,"height":1},"rotated":false,"capInsets":[0,0,0,0],"vertices":{"rawPosition":[-0.5,-0.5,0,0.5,-0.5,0,-0.5,0.5,0,0.5,0.5,0],"indexes":[0,1,2,2,1,3],"uv":[0,1,1,1,0,0,1,0],"nuv":[0,0,1,0,0,1,1,1],"minPos":{"x":-0.5,"y":-0.5,"z":0},"maxPos":{"x":0.5,"y":0.5,"z":0}},"packable":true,"pixelsToUnit":100,"pivot":{"x":0.5,"y":0.5},"meshType":0}],[0],0,[0],[1],[6]],[[{"name":"default_btn_disabled","rect":{"x":0,"y":0,"width":40,"height":40},"offset":{"x":0,"y":0},"originalSize":{"width":40,"height":40},"rotated":false,"capInsets":[12,12,12,12],"vertices":{"rawPosition":[-20,-20,0,20,-20,0,-20,20,0,20,20,0],"indexes":[0,1,2,2,1,3],"uv":[0,40,40,40,0,0,40,0],"nuv":[0,0,1,0,0,1,1,1],"minPos":{"x":-20,"y":-20,"z":0},"maxPos":{"x":20,"y":20,"z":0}},"packable":true,"pixelsToUnit":100,"pivot":{"x":0.5,"y":0.5},"meshType":0}],[0],0,[0],[1],[7]]]]
