{
  "__version__": "1.2.6",
  "version": {
    "builder": "1.2.3"
  },
  "BuildTaskManager": {
    "taskMap": {
      "1625478567293": {
        "id": "1625478567293",
        "progress": 1,
        "state": "success",
        "message": "Build success in 9089 ms!",
        "options": {
          "name": "displayEffect",
          "platform": "web-mobile",
          "buildPath": "./build",
          "debug": false,
          "md5Cache": false,
          "sourceMaps": false,
          "replaceSplashScreen": false,
          "mainBundleCompressionType": "merge_dep",
          "mainBundleIsRemote": false,
          "mergeStartScene": false,
          "experimentalEraseModules": false,
          "compressTexture": true,
          "packAutoAtlas": true,
          "startScene": "468efecb-6c5f-43b9-9380-85244bfb60a9",
          "scenes": [
            {
              "url": "db://assets/scene/effect.scene",
              "uuid": "468efecb-6c5f-43b9-9380-85244bfb60a9"
            }
          ],
          "outputName": "web-mobile",
          "packages": {
            "cocos-service": {
              "configID": "10ec35",
              "services": []
            },
            "web-mobile": {
              "orientation": "landscape",
              "polyfills": {
                "asyncFunctions": true
              }
            }
          }
        },
        "time": "2021-7-6 09:36",
        "dirty": false
      }
    }
  },
  "common": {
    "outputName": "web-mobile",
    "mainBundleCompressionType": "merge_dep",
    "platform": "web-mobile"
  }
}
