{
  "__type__": "cc.SpriteFrame",
  "content": {
    "name": "4x5_table",
    "atlas": "",
    "rect": {
      "x": 0,
      "y": 0,
      "width": 1005,
      "height": 956
    },
    "offset": {
      "x": 0,
      "y": 0
    },
    "originalSize": {
      "width": 1005,
      "height": 956
    },
    "rotated": false,
    "capInsets": [
      0,
      0,
      0,
      0
    ],
    "vertices": {
      "rawPosition": [
        -502.5,
        -478,
        0,
        502.5,
        -478,
        0,
        -502.5,
        478,
        0,
        502.5,
        478,
        0
      ],
      "indexes": [
        0,
        1,
        2,
        2,
        1,
        3
      ],
      "uv": [
        0,
        956,
        1005,
        956,
        0,
        0,
        1005,
        0
      ],
      "nuv": [
        0,
        0,
        1,
        0,
        0,
        1,
        1,
        1
      ],
      "minPos": {
        "x": -502.5,
        "y": -478,
        "z": 0
      },
      "maxPos": {
        "x": 502.5,
        "y": 478,
        "z": 0
      }
    },
    "texture": "bb0f2016-d7ca-4fe9-a7ba-faac5096432b@6c48a",
    "packable": true,
    "pixelsToUnit": 100,
    "pivot": {
      "x": 0.5,
      "y": 0.5
    },
    "meshType": 0
  }
}