{
  "__type__": "cc.SpriteFrame",
  "content": {
    "name": "one_pixel_white",
    "atlas": "",
    "rect": {
      "x": 0,
      "y": 0,
      "width": 1,
      "height": 1
    },
    "offset": {
      "x": 0,
      "y": 0
    },
    "originalSize": {
      "width": 1,
      "height": 1
    },
    "rotated": false,
    "capInsets": [
      0,
      0,
      0,
      0
    ],
    "vertices": {
      "rawPosition": [
        -0.5,
        -0.5,
        0,
        0.5,
        -0.5,
        0,
        -0.5,
        0.5,
        0,
        0.5,
        0.5,
        0
      ],
      "indexes": [
        0,
        1,
        2,
        2,
        1,
        3
      ],
      "uv": [
        0,
        1,
        1,
        1,
        0,
        0,
        1,
        0
      ],
      "nuv": [
        0,
        0,
        1,
        0,
        0,
        1,
        1,
        1
      ],
      "minPos": {
        "x": -0.5,
        "y": -0.5,
        "z": 0
      },
      "maxPos": {
        "x": 0.5,
        "y": 0.5,
        "z": 0
      }
    },
    "texture": "646ed8d3-c223-4254-b257-9c7bfbc2c139@6c48a",
    "packable": true,
    "pixelsToUnit": 100,
    "pivot": {
      "x": 0.5,
      "y": 0.5
    },
    "meshType": 0
  }
}