{
  "e7f2a819-00d9-4ae9-b673-d1db5bcb3d18": {
    "assetUuid": "e7f2a819-00d9-4ae9-b673-d1db5bcb3d18",
    "animationUuid": "",
    "expandLevels": [
      "0"
    ]
  },
  "2950f16a-b81a-4e6b-9251-e0fe856a67cb": {
    "assetUuid": "2950f16a-b81a-4e6b-9251-e0fe856a67cb",
    "animationUuid": "",
    "expandLevels": [
      "0",
      "0_0",
      "0_0_1",
      "0_0_1_3"
    ]
  },
  "2c9c4de6-1d0e-432a-8b56-c63342fb055b": {
    "assetUuid": "2c9c4de6-1d0e-432a-8b56-c63342fb055b",
    "animationUuid": "",
    "expandLevels": [
      "0"
    ]
  },
  "e2b20304-d09a-4205-bb66-3923272b50bd": {
    "assetUuid": "e2b20304-d09a-4205-bb66-3923272b50bd",
    "animationUuid": "",
    "expandLevels": [
      "0"
    ]
  },
  "697b6b52-875a-4a37-a561-0a0f9b9902e4": {
    "assetUuid": "697b6b52-875a-4a37-a561-0a0f9b9902e4",
    "animationUuid": "",
    "expandLevels": [
      "0"
    ]
  },
  "7c0eb59f-dc6c-4893-b7e0-040a1c3d6a39": {
    "assetUuid": "7c0eb59f-dc6c-4893-b7e0-040a1c3d6a39",
    "animationUuid": "",
    "expandLevels": [
      "0"
    ]
  },
  "700ac286-a0d0-4050-83e1-a2a4bd7b26a6": {
    "assetUuid": "700ac286-a0d0-4050-83e1-a2a4bd7b26a6",
    "animationUuid": "",
    "expandLevels": [
      "0"
    ]
  },
  "b605a861-6dc7-4473-a666-d10967531194": {
    "assetUuid": "b605a861-6dc7-4473-a666-d10967531194",
    "animationUuid": "",
    "expandLevels": [
      "0"
    ]
  },
  "0c1a56a0-97d2-4084-8940-5aabe929f36f": {
    "assetUuid": "0c1a56a0-97d2-4084-8940-5aabe929f36f",
    "animationUuid": "",
    "expandLevels": [
      "0",
      "0_0",
      "0_0_1",
      "0_0_1_0",
      "0_0_1_0_0"
    ]
  }
}
