{
    "c2array": true,
    "size": [
        4,
        1,
        1
    ],
    "data": [
        [
            [
                "redfoc-sweetsaga"
            ]
        ],
        [
            [
                "{\"c2array\":true,\"size\":[10,10,1],\"data\":[[[2],[2],[2],[0],[0],[0],[2],[2],[2],[0]],[[2],[0],[0],[0],[0],[0],[0],[0],[2],[0]],[[2],[0],[0],[0],[2],[0],[0],[0],[2],[0]],[[0],[0],[0],[2],[2],[2],[0],[0],[0],[0]],[[0],[0],[0],[2],[2],[2],[0],[0],[0],[0]],[[2],[0],[0],[0],[2],[0],[0],[0],[2],[0]],[[2],[0],[0],[0],[0],[0],[0],[0],[2],[0]],[[2],[2],[2],[0],[0],[0],[2],[2],[2],[0]],[[0],[0],[0],[0],[0],[0],[0],[0],[0],[0]],[[0],[0],[0],[0],[0],[0],[0],[0],[0],[0]]]}"
            ]
        ],
        [
            [
                "{\"c2array\":true,\"size\":[10,4,1],\"data\":[[[0],[\"2\"],[\"4\"],[\"3\"]],[[\"25\"],[\"25\"],[\"25\"],[0]],[[\"35\"],[0],[0],[0]],[[\"6\"],[0],[0],[0]],[[0],[0],[0],[0]],[[0],[0],[0],[0]],[[0],[0],[0],[0]],[[0],[0],[0],[0]],[[0],[0],[0],[0]],[[0],[0],[0],[0]]]}"
            ]
        ],
        [
            [
                0
            ]
        ]
    ]
}