{
    "c2array": true,
    "size": [
        4,
        1,
        1
    ],
    "data": [
        [
            [
                "redfoc-sweetsaga"
            ]
        ],
        [
            [
                "{\"c2array\":true,\"size\":[6,8,1],\"data\":[[[0],[0],[0],[0],[2],[0],[0],[0],[0],[0]],[[2],[2],[2],[0],[0],[0],[2],[2],[2],[0]],[[0],[0],[0],[0],[0],[0],[0],[0],[0],[0]],[[0],[0],[0],[0],[0],[0],[0],[0],[0],[0]],[[0],[0],[0],[0],[0],[0],[0],[0],[0],[0]],[[0],[0],[0],[0],[0],[0],[0],[0],[0],[0]],[[2],[2],[2],[0],[0],[0],[2],[2],[2],[0]],[[0],[0],[0],[0],[2],[0],[0],[0],[0],[0]],[[0],[0],[0],[0],[0],[0],[0],[0],[0],[0]],[[0],[0],[0],[0],[0],[0],[0],[0],[0],[0]]]}"
            ]
        ],
        [
            [
                "{\"c2array\":true,\"size\":[10,4,1],\"data\":[[[0],[\"5\"],[\"4\"],[\"1\"]],[[\"20\"],[\"25\"],[\"15\"],[0]],[[\"30\"],[0],[0],[0]],[[\"6\"],[0],[0],[0]],[[0],[0],[0],[0]],[[0],[0],[0],[0]],[[0],[0],[0],[0]],[[0],[0],[0],[0]],[[0],[0],[0],[0]],[[0],[0],[0],[0]]]}"
            ]
        ],
        [
            [
                0
            ]
        ]
    ]
}