{
    "c2array": true,
    "size": [
        4,
        1,
        1
    ],
    "data": [
        [
            [
                "redfoc-sweetsaga"
            ]
        ],
        [
            [
                "{\"c2array\":true,\"size\":[10,10,1],\"data\":[[[0],[0],[0],[0],[0],[0],[0],[0],[2],[0]],[[2],[0],[2],[0],[0],[0],[0],[0],[0],[0]],[[0],[0],[0],[0],[0],[0],[2],[0],[2],[0]],[[2],[0],[2],[0],[0],[0],[0],[0],[0],[0]],[[0],[0],[0],[0],[0],[0],[2],[0],[2],[0]],[[2],[0],[2],[0],[0],[0],[0],[0],[0],[0]],[[0],[0],[0],[0],[0],[0],[2],[0],[2],[0]],[[2],[0],[0],[0],[0],[0],[0],[0],[0],[0]],[[0],[0],[0],[0],[0],[0],[0],[0],[0],[0]],[[0],[0],[0],[0],[0],[0],[0],[0],[0],[0]]]}"
            ]
        ],
        [
            [
                "{\"c2array\":true,\"size\":[10,4,1],\"data\":[[[0],[\"6\"],[\"2\"],[\"3\"]],[[\"15\"],[\"17\"],[\"18\"],[0]],[[\"22\"],[0],[0],[0]],[[\"6\"],[0],[0],[0]],[[0],[0],[0],[0]],[[0],[0],[0],[0]],[[0],[0],[0],[0]],[[0],[0],[0],[0]],[[0],[0],[0],[0]],[[0],[0],[0],[0]]]}"
            ]
        ],
        [
            [
                0
            ]
        ]
    ]
}