{
  "__type__": "cc.EffectAsset",
  "_name": "pipeline/copy-pass",
  "_objFlags": 0,
  "__editorExtras__": {},
  "_native": "",
  "techniques": [
    {
      "passes": [
        {
          "pass": "copy-pass",
          "rasterizerState": {
            "cullMode": 0
          },
          "blendState": {
            "targets": [
              {
                "blend": true,
                "blendSrc": 2,
                "blendDst": 4,
                "blendSrcAlpha": 2,
                "blendDstAlpha": 4
              }
            ]
          },
          "program": "pipeline/copy-pass|copy-pass-vs|copy-pass-fs",
          "depthStencilState": {
            "depthTest": false,
            "depthWrite": false
          }
        }
      ]
    }
  ],
  "shaders": [
    {
      "blocks": [],
      "samplerTextures": [],
      "samplers": [],
      "textures": [],
      "buffers": [],
      "images": [],
      "subpassInputs": [],
      "attributes": [
        {
          "name": "a_position",
          "defines": [],
          "format": 32,
          "location": 0
        },
        {
          "name": "a_normal",
          "defines": [],
          "format": 32,
          "location": 1
        },
        {
          "name": "a_texCoord",
          "defines": [],
          "format": 21,
          "location": 2
        },
        {
          "name": "a_tangent",
          "defines": [],
          "format": 44,
          "location": 3
        },
        {
          "name": "a_joints",
          "defines": [
            "CC_USE_SKINNING"
          ],
          "location": 4
        },
        {
          "name": "a_weights",
          "defines": [
            "CC_USE_SKINNING"
          ],
          "format": 44,
          "location": 5
        },
        {
          "name": "a_jointAnimInfo",
          "defines": [
            "USE_INSTANCING",
            "CC_USE_BAKED_ANIMATION"
          ],
          "format": 44,
          "isInstanced": true,
          "location": 6
        },
        {
          "name": "a_matWorld0",
          "defines": [
            "USE_INSTANCING"
          ],
          "format": 44,
          "isInstanced": true,
          "location": 7
        },
        {
          "name": "a_matWorld1",
          "defines": [
            "USE_INSTANCING"
          ],
          "format": 44,
          "isInstanced": true,
          "location": 8
        },
        {
          "name": "a_matWorld2",
          "defines": [
            "USE_INSTANCING"
          ],
          "format": 44,
          "isInstanced": true,
          "location": 9
        },
        {
          "name": "a_lightingMapUVParam",
          "defines": [
            "USE_INSTANCING",
            "CC_USE_LIGHTMAP"
          ],
          "format": 44,
          "isInstanced": true,
          "location": 10
        },
        {
          "name": "a_localShadowBiasAndProbeId",
          "defines": [
            "USE_INSTANCING"
          ],
          "format": 44,
          "isInstanced": true,
          "location": 11
        },
        {
          "name": "a_reflectionProbeData",
          "defines": [
            "USE_INSTANCING",
            "CC_USE_REFLECTION_PROBE"
          ],
          "format": 44,
          "isInstanced": true,
          "location": 12
        },
        {
          "name": "a_sh_linear_const_r",
          "defines": [
            "USE_INSTANCING",
            "CC_USE_LIGHT_PROBE"
          ],
          "format": 44,
          "isInstanced": true,
          "location": 13
        },
        {
          "name": "a_sh_linear_const_g",
          "defines": [
            "USE_INSTANCING",
            "CC_USE_LIGHT_PROBE"
          ],
          "format": 44,
          "isInstanced": true,
          "location": 14
        },
        {
          "name": "a_sh_linear_const_b",
          "defines": [
            "USE_INSTANCING",
            "CC_USE_LIGHT_PROBE"
          ],
          "format": 44,
          "isInstanced": true,
          "location": 15
        },
        {
          "name": "a_vertexId",
          "defines": [
            "CC_USE_MORPH"
          ],
          "format": 11,
          "location": 16
        }
      ],
      "varyings": [
        {
          "name": "v_uv",
          "type": 14,
          "count": 1,
          "defines": [],
          "stageFlags": 17,
          "location": 0
        }
      ],
      "fragColors": [
        {
          "name": "fragColor",
          "typename": "vec4",
          "type": 16,
          "count": 1,
          "defines": [],
          "stageFlags": 16,
          "location": 0
        }
      ],
      "descriptors": [
        {
          "rate": 0,
          "blocks": [],
          "samplerTextures": [],
          "samplers": [],
          "textures": [],
          "buffers": [],
          "images": [],
          "subpassInputs": []
        },
        {
          "rate": 1,
          "blocks": [],
          "samplerTextures": [],
          "samplers": [],
          "textures": [],
          "buffers": [],
          "images": [],
          "subpassInputs": []
        },
        {
          "rate": 2,
          "blocks": [],
          "samplerTextures": [],
          "samplers": [],
          "textures": [],
          "buffers": [],
          "images": [],
          "subpassInputs": []
        },
        {
          "rate": 3,
          "blocks": [
            {
              "tags": {
                "builtin": "global"
              },
              "name": "CCGlobal",
              "members": [
                {
                  "name": "cc_time",
                  "typename": "vec4",
                  "type": 16,
                  "count": 1,
                  "precision": "highp "
                },
                {
                  "name": "cc_screenSize",
                  "typename": "vec4",
                  "type": 16,
                  "count": 1,
                  "precision": "mediump "
                },
                {
                  "name": "cc_nativeSize",
                  "typename": "vec4",
                  "type": 16,
                  "count": 1,
                  "precision": "mediump "
                },
                {
                  "name": "cc_probeInfo",
                  "typename": "vec4",
                  "type": 16,
                  "count": 1,
                  "precision": "mediump "
                },
                {
                  "name": "cc_debug_view_mode",
                  "typename": "vec4",
                  "type": 16,
                  "count": 1,
                  "precision": "mediump "
                }
              ],
              "defines": [],
              "stageFlags": 1
            },
            {
              "tags": {
                "builtin": "global"
              },
              "name": "CCCamera",
              "members": [
                {
                  "name": "cc_matView",
                  "typename": "mat4",
                  "type": 25,
                  "count": 1,
                  "precision": "highp "
                },
                {
                  "name": "cc_matViewInv",
                  "typename": "mat4",
                  "type": 25,
                  "count": 1,
                  "precision": "highp "
                },
                {
                  "name": "cc_matProj",
                  "typename": "mat4",
                  "type": 25,
                  "count": 1,
                  "precision": "highp "
                },
                {
                  "name": "cc_matProjInv",
                  "typename": "mat4",
                  "type": 25,
                  "count": 1,
                  "precision": "highp "
                },
                {
                  "name": "cc_matViewProj",
                  "typename": "mat4",
                  "type": 25,
                  "count": 1,
                  "precision": "highp "
                },
                {
                  "name": "cc_matViewProjInv",
                  "typename": "mat4",
                  "type": 25,
                  "count": 1,
                  "precision": "highp "
                },
                {
                  "name": "cc_cameraPos",
                  "typename": "vec4",
                  "type": 16,
                  "count": 1,
                  "precision": "highp "
                },
                {
                  "name": "cc_surfaceTransform",
                  "typename": "vec4",
                  "type": 16,
                  "count": 1,
                  "precision": "mediump "
                },
                {
                  "name": "cc_screenScale",
                  "typename": "vec4",
                  "type": 16,
                  "count": 1,
                  "precision": "mediump "
                },
                {
                  "name": "cc_exposure",
                  "typename": "vec4",
                  "type": 16,
                  "count": 1,
                  "precision": "mediump "
                },
                {
                  "name": "cc_mainLitDir",
                  "typename": "vec4",
                  "type": 16,
                  "count": 1,
                  "precision": "mediump "
                },
                {
                  "name": "cc_mainLitColor",
                  "typename": "vec4",
                  "type": 16,
                  "count": 1,
                  "precision": "mediump "
                },
                {
                  "name": "cc_ambientSky",
                  "typename": "vec4",
                  "type": 16,
                  "count": 1,
                  "precision": "mediump "
                },
                {
                  "name": "cc_ambientGround",
                  "typename": "vec4",
                  "type": 16,
                  "count": 1,
                  "precision": "mediump "
                },
                {
                  "name": "cc_fogColor",
                  "typename": "vec4",
                  "type": 16,
                  "count": 1,
                  "precision": "mediump "
                },
                {
                  "name": "cc_fogBase",
                  "typename": "vec4",
                  "type": 16,
                  "count": 1,
                  "precision": "mediump "
                },
                {
                  "name": "cc_fogAdd",
                  "typename": "vec4",
                  "type": 16,
                  "count": 1,
                  "precision": "mediump "
                },
                {
                  "name": "cc_nearFar",
                  "typename": "vec4",
                  "type": 16,
                  "count": 1,
                  "precision": "mediump "
                },
                {
                  "name": "cc_viewPort",
                  "typename": "vec4",
                  "type": 16,
                  "count": 1,
                  "precision": "mediump "
                }
              ],
              "defines": [],
              "stageFlags": 1
            }
          ],
          "samplerTextures": [
            {
              "name": "outputResultMap",
              "type": 28,
              "count": 1,
              "defines": [],
              "stageFlags": 16,
              "sampleType": 0,
              "binding": 0
            }
          ],
          "samplers": [],
          "textures": [],
          "buffers": [],
          "images": [],
          "subpassInputs": []
        }
      ],
      "hash": 3564624328,
      "glsl4": {
        "vert": "\nprecision highp float;\n#define QUATER_PI         0.78539816340\n#define HALF_PI           1.57079632679\n#define PI                3.14159265359\n#define PI2               6.28318530718\n#define PI4               12.5663706144\n#define INV_QUATER_PI     1.27323954474\n#define INV_HALF_PI       0.63661977237\n#define INV_PI            0.31830988618\n#define INV_PI2           0.15915494309\n#define INV_PI4           0.07957747155\n#define EPSILON           1e-6\n#define EPSILON_LOWP      1e-4\n#define LOG2              1.442695\n#define EXP_VALUE         2.71828183\n#define FP_MAX            65504.0\n#define FP_SCALE          0.0009765625\n#define FP_SCALE_INV      1024.0\n#define GRAY_VECTOR       vec3(0.299, 0.587, 0.114)\n#define LIGHT_MAP_TYPE_DISABLED 0\n#define LIGHT_MAP_TYPE_ALL_IN_ONE 1\n#define LIGHT_MAP_TYPE_INDIRECT_OCCLUSION 2\n#define REFLECTION_PROBE_TYPE_NONE 0\n#define REFLECTION_PROBE_TYPE_CUBE 1\n#define REFLECTION_PROBE_TYPE_PLANAR 2\n#define REFLECTION_PROBE_TYPE_BLEND 3\n#define REFLECTION_PROBE_TYPE_BLEND_AND_SKYBOX 4\n#define LIGHT_TYPE_DIRECTIONAL 0.0\n#define LIGHT_TYPE_SPHERE 1.0\n#define LIGHT_TYPE_SPOT 2.0\n#define LIGHT_TYPE_POINT 3.0\n#define LIGHT_TYPE_RANGED_DIRECTIONAL 4.0\n#define IS_DIRECTIONAL_LIGHT(light_type) (abs(float(light_type) - float(LIGHT_TYPE_DIRECTIONAL)) < EPSILON_LOWP)\n#define IS_SPHERE_LIGHT(light_type) (abs(float(light_type) - float(LIGHT_TYPE_SPHERE)) < EPSILON_LOWP)\n#define IS_SPOT_LIGHT(light_type) (abs(float(light_type) - float(LIGHT_TYPE_SPOT)) < EPSILON_LOWP)\n#define IS_POINT_LIGHT(light_type) (abs(float(light_type) - float(LIGHT_TYPE_POINT)) < EPSILON_LOWP)\n#define IS_RANGED_DIRECTIONAL_LIGHT(light_type) (abs(float(light_type) - float(LIGHT_TYPE_RANGED_DIRECTIONAL)) < EPSILON_LOWP)\n#define TONE_MAPPING_ACES 0\n#define TONE_MAPPING_LINEAR 1\n#define SURFACES_MAX_TRANSMIT_DEPTH_VALUE 999999.0\n#ifndef CC_SURFACES_DEBUG_VIEW_SINGLE\n  #define CC_SURFACES_DEBUG_VIEW_SINGLE 1\n#endif\n#ifndef CC_SURFACES_DEBUG_VIEW_COMPOSITE_AND_MISC\n  #define CC_SURFACES_DEBUG_VIEW_COMPOSITE_AND_MISC 2\n#endif\nstruct StandardVertInput {\n  highp vec4 position;\n  vec3 normal;\n  vec4 tangent;\n};\nlayout(location = 0) in vec3 a_position;\nlayout(location = 1) in vec3 a_normal;\nlayout(location = 2) in vec2 a_texCoord;\nlayout(location = 3) in vec4 a_tangent;\n#if CC_USE_SKINNING\n    layout(location = 4) in u32vec4 a_joints;\n  layout(location = 5) in vec4 a_weights;\n#endif\n#if USE_INSTANCING\n  #if CC_USE_BAKED_ANIMATION\n    layout(location = 6) in highp vec4 a_jointAnimInfo;\n  #endif\n  layout(location = 7) in vec4 a_matWorld0;\n  layout(location = 8) in vec4 a_matWorld1;\n  layout(location = 9) in vec4 a_matWorld2;\n  #if CC_USE_LIGHTMAP\n    layout(location = 10) in vec4 a_lightingMapUVParam;\n  #endif\n  #if CC_USE_REFLECTION_PROBE || CC_RECEIVE_SHADOW\n    #if CC_RECEIVE_SHADOW\n    #endif\n    layout(location = 11) in vec4 a_localShadowBiasAndProbeId;\n  #endif\n  #if CC_USE_REFLECTION_PROBE\n    layout(location = 12) in vec4 a_reflectionProbeData;\n  #endif\n  #if CC_USE_LIGHT_PROBE\n    layout(location = 13) in vec4 a_sh_linear_const_r;\n    layout(location = 14) in vec4 a_sh_linear_const_g;\n    layout(location = 15) in vec4 a_sh_linear_const_b;\n  #endif\n#endif\n#if CC_USE_MORPH\n#endif\nlayout(set = 0, binding = 0) uniform CCGlobal {\n  highp   vec4 cc_time;\n  mediump vec4 cc_screenSize;\n  mediump vec4 cc_nativeSize;\n  mediump vec4 cc_probeInfo;\n  mediump vec4 cc_debug_view_mode;\n};\nlayout(set = 0, binding = 1) uniform CCCamera {\n  highp   mat4 cc_matView;\n  highp   mat4 cc_matViewInv;\n  highp   mat4 cc_matProj;\n  highp   mat4 cc_matProjInv;\n  highp   mat4 cc_matViewProj;\n  highp   mat4 cc_matViewProjInv;\n  highp   vec4 cc_cameraPos;\n  mediump vec4 cc_surfaceTransform;\n  mediump vec4 cc_screenScale;\n  mediump vec4 cc_exposure;\n  mediump vec4 cc_mainLitDir;\n  mediump vec4 cc_mainLitColor;\n  mediump vec4 cc_ambientSky;\n  mediump vec4 cc_ambientGround;\n  mediump vec4 cc_fogColor;\n  mediump vec4 cc_fogBase;\n  mediump vec4 cc_fogAdd;\n  mediump vec4 cc_nearFar;\n  mediump vec4 cc_viewPort;\n};\nlayout(location = 0) out vec2 v_uv;\nvoid main () {\n  StandardVertInput In;\n    In.position = vec4(a_position, 1.0);\n    In.normal = a_normal;\n    In.tangent = a_tangent;\n  In.position.xy = cc_cameraPos.w == 0.0 ? vec2(In.position.xy.x, -In.position.xy.y) : In.position.xy;\n  gl_Position = In.position;\n  gl_Position.y = gl_Position.y;\n  v_uv = a_texCoord;\n}",
        "frag": "\n  precision highp float;\n  layout(location = 0) in vec2 v_uv;\n  layout(set = 1, binding = 0) uniform sampler2D outputResultMap;\n  layout(location = 0) out vec4 fragColor;\nvoid main () {\n    fragColor = texture(outputResultMap, v_uv);\n  }"
      },
      "glsl3": {
        "vert": "\nprecision highp float;\n#define QUATER_PI         0.78539816340\n#define HALF_PI           1.57079632679\n#define PI                3.14159265359\n#define PI2               6.28318530718\n#define PI4               12.5663706144\n#define INV_QUATER_PI     1.27323954474\n#define INV_HALF_PI       0.63661977237\n#define INV_PI            0.31830988618\n#define INV_PI2           0.15915494309\n#define INV_PI4           0.07957747155\n#define EPSILON           1e-6\n#define EPSILON_LOWP      1e-4\n#define LOG2              1.442695\n#define EXP_VALUE         2.71828183\n#define FP_MAX            65504.0\n#define FP_SCALE          0.0009765625\n#define FP_SCALE_INV      1024.0\n#define GRAY_VECTOR       vec3(0.299, 0.587, 0.114)\n#define LIGHT_MAP_TYPE_DISABLED 0\n#define LIGHT_MAP_TYPE_ALL_IN_ONE 1\n#define LIGHT_MAP_TYPE_INDIRECT_OCCLUSION 2\n#define REFLECTION_PROBE_TYPE_NONE 0\n#define REFLECTION_PROBE_TYPE_CUBE 1\n#define REFLECTION_PROBE_TYPE_PLANAR 2\n#define REFLECTION_PROBE_TYPE_BLEND 3\n#define REFLECTION_PROBE_TYPE_BLEND_AND_SKYBOX 4\n#define LIGHT_TYPE_DIRECTIONAL 0.0\n#define LIGHT_TYPE_SPHERE 1.0\n#define LIGHT_TYPE_SPOT 2.0\n#define LIGHT_TYPE_POINT 3.0\n#define LIGHT_TYPE_RANGED_DIRECTIONAL 4.0\n#define IS_DIRECTIONAL_LIGHT(light_type) (abs(float(light_type) - float(LIGHT_TYPE_DIRECTIONAL)) < EPSILON_LOWP)\n#define IS_SPHERE_LIGHT(light_type) (abs(float(light_type) - float(LIGHT_TYPE_SPHERE)) < EPSILON_LOWP)\n#define IS_SPOT_LIGHT(light_type) (abs(float(light_type) - float(LIGHT_TYPE_SPOT)) < EPSILON_LOWP)\n#define IS_POINT_LIGHT(light_type) (abs(float(light_type) - float(LIGHT_TYPE_POINT)) < EPSILON_LOWP)\n#define IS_RANGED_DIRECTIONAL_LIGHT(light_type) (abs(float(light_type) - float(LIGHT_TYPE_RANGED_DIRECTIONAL)) < EPSILON_LOWP)\n#define TONE_MAPPING_ACES 0\n#define TONE_MAPPING_LINEAR 1\n#define SURFACES_MAX_TRANSMIT_DEPTH_VALUE 999999.0\n#ifndef CC_SURFACES_DEBUG_VIEW_SINGLE\n  #define CC_SURFACES_DEBUG_VIEW_SINGLE 1\n#endif\n#ifndef CC_SURFACES_DEBUG_VIEW_COMPOSITE_AND_MISC\n  #define CC_SURFACES_DEBUG_VIEW_COMPOSITE_AND_MISC 2\n#endif\nstruct StandardVertInput {\n  highp vec4 position;\n  vec3 normal;\n  vec4 tangent;\n};\nin vec3 a_position;\nin vec3 a_normal;\nin vec2 a_texCoord;\nin vec4 a_tangent;\n#if CC_USE_SKINNING\n    in vec4 a_joints;\n  in vec4 a_weights;\n#endif\n#if USE_INSTANCING\n  #if CC_USE_BAKED_ANIMATION\n    in highp vec4 a_jointAnimInfo;\n  #endif\n  in vec4 a_matWorld0;\n  in vec4 a_matWorld1;\n  in vec4 a_matWorld2;\n  #if CC_USE_LIGHTMAP\n    in vec4 a_lightingMapUVParam;\n  #endif\n  #if CC_USE_REFLECTION_PROBE || CC_RECEIVE_SHADOW\n    #if CC_RECEIVE_SHADOW\n    #endif\n    in vec4 a_localShadowBiasAndProbeId;\n  #endif\n  #if CC_USE_REFLECTION_PROBE\n    in vec4 a_reflectionProbeData;\n  #endif\n  #if CC_USE_LIGHT_PROBE\n    in vec4 a_sh_linear_const_r;\n    in vec4 a_sh_linear_const_g;\n    in vec4 a_sh_linear_const_b;\n  #endif\n#endif\n#if CC_USE_MORPH\n    in float a_vertexId;\n#endif\nlayout(std140) uniform CCGlobal {\n  highp   vec4 cc_time;\n  mediump vec4 cc_screenSize;\n  mediump vec4 cc_nativeSize;\n  mediump vec4 cc_probeInfo;\n  mediump vec4 cc_debug_view_mode;\n};\nlayout(std140) uniform CCCamera {\n  highp   mat4 cc_matView;\n  highp   mat4 cc_matViewInv;\n  highp   mat4 cc_matProj;\n  highp   mat4 cc_matProjInv;\n  highp   mat4 cc_matViewProj;\n  highp   mat4 cc_matViewProjInv;\n  highp   vec4 cc_cameraPos;\n  mediump vec4 cc_surfaceTransform;\n  mediump vec4 cc_screenScale;\n  mediump vec4 cc_exposure;\n  mediump vec4 cc_mainLitDir;\n  mediump vec4 cc_mainLitColor;\n  mediump vec4 cc_ambientSky;\n  mediump vec4 cc_ambientGround;\n  mediump vec4 cc_fogColor;\n  mediump vec4 cc_fogBase;\n  mediump vec4 cc_fogAdd;\n  mediump vec4 cc_nearFar;\n  mediump vec4 cc_viewPort;\n};\nout vec2 v_uv;\nvoid main () {\n  StandardVertInput In;\n    In.position = vec4(a_position, 1.0);\n    In.normal = a_normal;\n    In.tangent = a_tangent;\n  In.position.xy = cc_cameraPos.w == 0.0 ? vec2(In.position.xy.x, -In.position.xy.y) : In.position.xy;\n  gl_Position = In.position;\n  gl_Position.y = gl_Position.y;\n  v_uv = a_texCoord;\n}",
        "frag": "\n  precision highp float;\n  in vec2 v_uv;\n  uniform sampler2D outputResultMap;\n  layout(location = 0) out vec4 fragColor;\nvoid main () {\n    fragColor = texture(outputResultMap, v_uv);\n  }"
      },
      "glsl1": {
        "vert": "\nprecision highp float;\n#define QUATER_PI         0.78539816340\n#define HALF_PI           1.57079632679\n#define PI                3.14159265359\n#define PI2               6.28318530718\n#define PI4               12.5663706144\n#define INV_QUATER_PI     1.27323954474\n#define INV_HALF_PI       0.63661977237\n#define INV_PI            0.31830988618\n#define INV_PI2           0.15915494309\n#define INV_PI4           0.07957747155\n#define EPSILON           1e-6\n#define EPSILON_LOWP      1e-4\n#define LOG2              1.442695\n#define EXP_VALUE         2.71828183\n#define FP_MAX            65504.0\n#define FP_SCALE          0.0009765625\n#define FP_SCALE_INV      1024.0\n#define GRAY_VECTOR       vec3(0.299, 0.587, 0.114)\n#define LIGHT_MAP_TYPE_DISABLED 0\n#define LIGHT_MAP_TYPE_ALL_IN_ONE 1\n#define LIGHT_MAP_TYPE_INDIRECT_OCCLUSION 2\n#define REFLECTION_PROBE_TYPE_NONE 0\n#define REFLECTION_PROBE_TYPE_CUBE 1\n#define REFLECTION_PROBE_TYPE_PLANAR 2\n#define REFLECTION_PROBE_TYPE_BLEND 3\n#define REFLECTION_PROBE_TYPE_BLEND_AND_SKYBOX 4\n#define LIGHT_TYPE_DIRECTIONAL 0.0\n#define LIGHT_TYPE_SPHERE 1.0\n#define LIGHT_TYPE_SPOT 2.0\n#define LIGHT_TYPE_POINT 3.0\n#define LIGHT_TYPE_RANGED_DIRECTIONAL 4.0\n#define IS_DIRECTIONAL_LIGHT(light_type) (abs(float(light_type) - float(LIGHT_TYPE_DIRECTIONAL)) < EPSILON_LOWP)\n#define IS_SPHERE_LIGHT(light_type) (abs(float(light_type) - float(LIGHT_TYPE_SPHERE)) < EPSILON_LOWP)\n#define IS_SPOT_LIGHT(light_type) (abs(float(light_type) - float(LIGHT_TYPE_SPOT)) < EPSILON_LOWP)\n#define IS_POINT_LIGHT(light_type) (abs(float(light_type) - float(LIGHT_TYPE_POINT)) < EPSILON_LOWP)\n#define IS_RANGED_DIRECTIONAL_LIGHT(light_type) (abs(float(light_type) - float(LIGHT_TYPE_RANGED_DIRECTIONAL)) < EPSILON_LOWP)\n#define TONE_MAPPING_ACES 0\n#define TONE_MAPPING_LINEAR 1\n#define SURFACES_MAX_TRANSMIT_DEPTH_VALUE 999999.0\n#ifndef CC_SURFACES_DEBUG_VIEW_SINGLE\n  #define CC_SURFACES_DEBUG_VIEW_SINGLE 1\n#endif\n#ifndef CC_SURFACES_DEBUG_VIEW_COMPOSITE_AND_MISC\n  #define CC_SURFACES_DEBUG_VIEW_COMPOSITE_AND_MISC 2\n#endif\nstruct StandardVertInput {\n  highp vec4 position;\n  vec3 normal;\n  vec4 tangent;\n};\nattribute vec3 a_position;\nattribute vec3 a_normal;\nattribute vec2 a_texCoord;\nattribute vec4 a_tangent;\n#if CC_USE_SKINNING\n    attribute vec4 a_joints;\n  attribute vec4 a_weights;\n#endif\n#if USE_INSTANCING\n  #if CC_USE_BAKED_ANIMATION\n    attribute highp vec4 a_jointAnimInfo;\n  #endif\n  attribute vec4 a_matWorld0;\n  attribute vec4 a_matWorld1;\n  attribute vec4 a_matWorld2;\n  #if CC_USE_LIGHTMAP\n    attribute vec4 a_lightingMapUVParam;\n  #endif\n  #if CC_USE_REFLECTION_PROBE || CC_RECEIVE_SHADOW\n    #if CC_RECEIVE_SHADOW\n    #endif\n    attribute vec4 a_localShadowBiasAndProbeId;\n  #endif\n  #if CC_USE_REFLECTION_PROBE\n    attribute vec4 a_reflectionProbeData;\n  #endif\n  #if CC_USE_LIGHT_PROBE\n    attribute vec4 a_sh_linear_const_r;\n    attribute vec4 a_sh_linear_const_g;\n    attribute vec4 a_sh_linear_const_b;\n  #endif\n#endif\n#if CC_USE_MORPH\n    attribute float a_vertexId;\n#endif\nuniform highp vec4 cc_cameraPos;\nvarying vec2 v_uv;\nvoid main () {\n  StandardVertInput In;\n    In.position = vec4(a_position, 1.0);\n    In.normal = a_normal;\n    In.tangent = a_tangent;\n  In.position.xy = cc_cameraPos.w == 0.0 ? vec2(In.position.xy.x, -In.position.xy.y) : In.position.xy;\n  gl_Position = In.position;\n  gl_Position.y = gl_Position.y;\n  v_uv = a_texCoord;\n}",
        "frag": "\n  precision highp float;\n  varying vec2 v_uv;\n  uniform sampler2D outputResultMap;\nvoid main () {\n    gl_FragColor = texture2D(outputResultMap, v_uv);\n  }"
      },
      "builtins": {
        "globals": {
          "blocks": [
            {
              "name": "CCGlobal",
              "defines": []
            },
            {
              "name": "CCCamera",
              "defines": []
            }
          ],
          "samplerTextures": [],
          "buffers": [],
          "images": []
        },
        "locals": {
          "blocks": [],
          "samplerTextures": [],
          "buffers": [],
          "images": []
        },
        "statistics": {
          "CC_EFFECT_USED_VERTEX_UNIFORM_VECTORS": 42,
          "CC_EFFECT_USED_FRAGMENT_UNIFORM_VECTORS": 0
        }
      },
      "defines": [
        {
          "name": "USE_INSTANCING",
          "type": "boolean",
          "defines": [],
          "editor": {
            "elevated": true
          }
        },
        {
          "name": "CC_USE_SKINNING",
          "type": "boolean",
          "defines": []
        },
        {
          "name": "CC_USE_BAKED_ANIMATION",
          "type": "boolean",
          "defines": [
            "USE_INSTANCING"
          ]
        },
        {
          "name": "CC_USE_LIGHTMAP",
          "type": "boolean",
          "defines": [
            "USE_INSTANCING"
          ]
        },
        {
          "name": "CC_USE_REFLECTION_PROBE",
          "type": "boolean",
          "defines": [
            "USE_INSTANCING"
          ]
        },
        {
          "name": "CC_RECEIVE_SHADOW",
          "type": "boolean",
          "defines": [
            "USE_INSTANCING"
          ]
        },
        {
          "name": "CC_USE_LIGHT_PROBE",
          "type": "boolean",
          "defines": [
            "USE_INSTANCING"
          ]
        },
        {
          "name": "CC_USE_MORPH",
          "type": "boolean",
          "defines": []
        }
      ],
      "name": "pipeline/copy-pass|copy-pass-vs|copy-pass-fs"
    }
  ],
  "combinations": [],
  "hideInEditor": false
}